	gene_name	chr	start	end	type	ensembl_id	strand	gene_name2	Node_ID
0	1700030N03Rik	chr19	3053071	3197732	lncRNA	ENSMUSG00000100969	-	1700030N03Rik	0
1	Gm50426	chr19	3184959	3185273	IG_V_pseudogene	ENSMUSG00000118393	+	Gm50426	1
2	Gm50432	chr19	3205607	3206258	transcribed_processed_pseudogene	ENSMUSG00000118052	+	Gm50432	2
3	Gm7798	chr19	3248804	3250214	processed_pseudogene	ENSMUSG00000118203	+	Gm7798	3
4	Gm2106	chr19	3253518	3255067	processed_pseudogene	ENSMUSG00000117886	-	Gm2106	4
5	Ighmbp2	chr19	3259076	3283017	protein_coding	ENSMUSG00000024831	-	Ighmbp2	5
6	Mrpl21	chr19	3282901	3292837	protein_coding	ENSMUSG00000024829	+	Mrpl21	6
7	Mir6984	chr19	3288920	3288983	miRNA	ENSMUSG00000099261	+	Mir6984	7
8	Cpt1a	chr19	3322334	3385733	protein_coding	ENSMUSG00000024900	+	Cpt1a	8
9	Tesmin	chr19	3388857	3407823	protein_coding	ENSMUSG00000024905	+	Tesmin	9
10	Gal	chr19	3409915	3414544	protein_coding	ENSMUSG00000024907	-	Gal	10
11	Ppp6r3	chr19	3454928	3575749	protein_coding	ENSMUSG00000024908	-	Ppp6r3	11
12	Gm48696	chr19	3486090	3488014	lncRNA	ENSMUSG00000114315	+	Gm48696	12
13	Gm48683	chr19	3527104	3528613	lncRNA	ENSMUSG00000114302	+	Gm48683	13
14	Lrp5	chr19	3584828	3686564	protein_coding	ENSMUSG00000024913	-	Lrp5	14
15	Gm36608	chr19	3689686	3708176	lncRNA	ENSMUSG00000118249	-	Gm36608	15
16	1810055G02Rik	chr19	3708293	3717881	protein_coding	ENSMUSG00000035372	+	1810055G02Rik	16
17	Gm36787	chr19	3713044	3719573	lncRNA	ENSMUSG00000117739	-	Gm36787	17
18	Gm2141	chr19	3730473	3731012	processed_pseudogene	ENSMUSG00000118231	-	Gm2141	18
19	Gm50375	chr19	3740225	3742537	lncRNA	ENSMUSG00000117773	-	Gm50375	19
20	Kmt5b	chr19	3767421	3818303	protein_coding	ENSMUSG00000045098	+	Kmt5b	20
21	Gm16066	chr19	3798615	3852419	lncRNA	ENSMUSG00000082848	-	Gm16066	21
22	Gm19209	chr19	3821764	3822389	processed_pseudogene	ENSMUSG00000117779	-	Gm19209	22
23	Chka	chr19	3851773	3894369	protein_coding	ENSMUSG00000024843	+	Chka	23
24	Gm50383	chr19	3863568	3867673	lncRNA	ENSMUSG00000117912	-	Gm50383	24
25	Tcirg1	chr19	3896050	3907133	protein_coding	ENSMUSG00000001750	-	Tcirg1	25
26	Ndufs8	chr19	3908863	3912774	protein_coding	ENSMUSG00000059734	-	Ndufs8	26
27	Aldh3b1	chr19	3913491	3929808	protein_coding	ENSMUSG00000024885	-	Aldh3b1	27
28	Unc93b1	chr19	3935186	3949340	protein_coding	ENSMUSG00000036908	+	Unc93b1	28
29	Aldh3b3	chr19	3958645	3972103	protein_coding	ENSMUSG00000037263	+	Aldh3b3	29
30	Aldh3b2	chr19	3972328	3981646	protein_coding	ENSMUSG00000075296	+	Aldh3b2	30
31	Acy3	chr19	3986570	3990007	protein_coding	ENSMUSG00000024866	+	Acy3	31
32	Tbx10	chr19	3992752	3999512	protein_coding	ENSMUSG00000037477	+	Tbx10	32
33	4833408A19Rik	chr19	3999548	4000542	lncRNA	ENSMUSG00000118132	-	4833408A19Rik	33
34	Gm49405	chr19	4000626	4005816	protein_coding	ENSMUSG00000024869	+	Gm49405	34
35	Doc2g	chr19	4003313	4007005	protein_coding	ENSMUSG00000024871	+	Doc2g	35
36	Ndufv1	chr19	4007384	4012806	protein_coding	ENSMUSG00000037916	-	Ndufv1	36
37	Gstp1	chr19	4035407	4037985	protein_coding	ENSMUSG00000060803	-	Gstp1	37
38	Gstp2	chr19	4040285	4046023	protein_coding	ENSMUSG00000038155	-	Gstp2	38
39	Gstp3	chr19	4057477	4059569	protein_coding	ENSMUSG00000058216	-	Gstp3	39
40	Cabp2	chr19	4081578	4087340	protein_coding	ENSMUSG00000024857	+	Cabp2	40
41	Cdk2ap2	chr19	4097182	4099019	protein_coding	ENSMUSG00000024856	+	Cdk2ap2	41
42	Pitpnm1	chr19	4099998	4113965	protein_coding	ENSMUSG00000024851	+	Pitpnm1	42
43	Aip	chr19	4114446	4125858	protein_coding	ENSMUSG00000024847	-	Aip	43
44	Tmem134	chr19	4125934	4132307	protein_coding	ENSMUSG00000024845	+	Tmem134	44
45	Cabp4	chr19	4135423	4144033	protein_coding	ENSMUSG00000024842	-	Cabp4	45
46	Gpr152	chr19	4139787	4145740	protein_coding	ENSMUSG00000044724	+	Gpr152	46
47	Coro1b	chr19	4148619	4154035	protein_coding	ENSMUSG00000024835	+	Coro1b	47
48	Ptprcap	chr19	4153604	4156751	protein_coding	ENSMUSG00000045826	+	Ptprcap	48
49	Rps6kb2	chr19	4153991	4163354	protein_coding	ENSMUSG00000024830	-	Rps6kb2	49
50	Carns1	chr19	4164324	4175479	protein_coding	ENSMUSG00000075289	-	Carns1	50
51	Gm50230	chr19	4168742	4191047	lncRNA	ENSMUSG00000117905	-	Gm50230	51
52	Gm17552	chr19	4169566	4174284	lncRNA	ENSMUSG00000097233	+	Gm17552	52
53	Tbc1d10c	chr19	4183411	4191284	protein_coding	ENSMUSG00000040247	-	Tbc1d10c	53
54	Ppp1ca	chr19	4192065	4195420	protein_coding	ENSMUSG00000040385	+	Ppp1ca	54
55	Rad9a	chr19	4195196	4201662	protein_coding	ENSMUSG00000024824	-	Rad9a	55
56	Gm30082	chr19	4201779	4203240	lncRNA	ENSMUSG00000118245	+	Gm30082	56
57	Clcf1	chr19	4214238	4223490	protein_coding	ENSMUSG00000040663	+	Clcf1	57
58	Gm45928	chr19	4214357	4233297	protein_coding	ENSMUSG00000117873	+	Gm45928	58
59	Pold4	chr19	4231899	4233634	protein_coding	ENSMUSG00000024854	+	Pold4	59
60	1500032F14Rik	chr19	4254031	4257651	lncRNA	ENSMUSG00000117718	-	1500032F14Rik	60
61	Ssh3	chr19	4261668	4269180	protein_coding	ENSMUSG00000034616	-	Ssh3	61
62	Ankrd13d	chr19	4270180	4283137	protein_coding	ENSMUSG00000005986	-	Ankrd13d	62
63	Gm50152	chr19	4273987	4275643	lncRNA	ENSMUSG00000118344	+	Gm50152	63
64	Grk2	chr19	4286001	4306222	protein_coding	ENSMUSG00000024858	-	Grk2	64
65	Kdm2a	chr19	4314419	4398285	protein_coding	ENSMUSG00000054611	-	Kdm2a	65
66	Rhod	chr19	4425459	4439432	protein_coding	ENSMUSG00000041845	-	Rhod	66
67	A930001C03Rik	chr19	4439003	4448973	lncRNA	ENSMUSG00000087132	+	A930001C03Rik	67
68	Syt12	chr19	4445908	4477447	protein_coding	ENSMUSG00000049303	-	Syt12	68
69	Pcx	chr19	4510472	4621752	protein_coding	ENSMUSG00000024892	+	Pcx	69
70	Lrfn4	chr19	4611785	4615667	protein_coding	ENSMUSG00000045045	-	Lrfn4	70
71	Rce1	chr19	4622591	4625641	protein_coding	ENSMUSG00000024889	-	Rce1	71
72	Gm960	chr19	4625734	4698668	protein_coding	ENSMUSG00000071691	-	Gm960	72
73	Sptbn2	chr19	4711167	4752360	protein_coding	ENSMUSG00000067889	+	Sptbn2	73
74	Gm21992	chr19	4742913	4811612	protein_coding	ENSMUSG00000096370	-	Gm21992	74
75	Rbm4b	chr19	4756497	4767065	protein_coding	ENSMUSG00000033760	+	Rbm4b	75
76	Gm37206	chr19	4762103	4765171	TEC	ENSMUSG00000103651	-	Gm37206	76
77	Rbm4	chr19	4784293	4793901	protein_coding	ENSMUSG00000094936	-	Rbm4	77
78	Rbm14	chr19	4800569	4811634	protein_coding	ENSMUSG00000006456	-	Rbm14	78
79	Gm21844	chr19	4801512	4805784	lncRNA	ENSMUSG00000095913	+	Gm21844	79
80	Ccs	chr19	4825366	4839332	protein_coding	ENSMUSG00000034108	-	Ccs	80
81	Ccdc87	chr19	4839366	4842528	protein_coding	ENSMUSG00000067872	+	Ccdc87	81
82	Ctsf	chr19	4855130	4860918	protein_coding	ENSMUSG00000083282	+	Ctsf	82
83	Actn3	chr19	4861216	4877909	protein_coding	ENSMUSG00000006457	-	Actn3	83
84	Zdhhc24	chr19	4878668	4885397	protein_coding	ENSMUSG00000006463	+	Zdhhc24	84
85	Bbs1	chr19	4886878	4906628	protein_coding	ENSMUSG00000006464	-	Bbs1	85
86	Gm25334	chr19	4904673	4904782	snRNA	ENSMUSG00000088661	+	Gm25334	86
87	Dpp3	chr19	4907229	4928287	protein_coding	ENSMUSG00000063904	-	Dpp3	87
88	Peli3	chr19	4929717	4943127	protein_coding	ENSMUSG00000024901	-	Peli3	88
89	Mrpl11	chr19	4962147	4966999	protein_coding	ENSMUSG00000024902	+	Mrpl11	89
90	Npas4	chr19	4984355	4990316	protein_coding	ENSMUSG00000045903	-	Npas4	90
91	AC124502.1	chr19	4991357	4993113	TEC	ENSMUSG00000118364	-	AC124502.1	91
92	Slc29a2	chr19	5023860	5031972	protein_coding	ENSMUSG00000024891	+	Slc29a2	92
93	B4gat1	chr19	5038826	5041131	protein_coding	ENSMUSG00000047379	+	B4gat1	93
94	Gm50388	chr19	5038891	5049912	protein_coding	ENSMUSG00000117789	+	Gm50388	94
95	Brms1	chr19	5041354	5049917	protein_coding	ENSMUSG00000080268	+	Brms1	95
96	Rin1	chr19	5050481	5057071	protein_coding	ENSMUSG00000024883	+	Rin1	96
97	Cd248	chr19	5068078	5070682	protein_coding	ENSMUSG00000056481	+	Cd248	97
98	Tmem151a	chr19	5070859	5085531	protein_coding	ENSMUSG00000061451	-	Tmem151a	98
99	Gm46658	chr19	5072229	5075257	lncRNA	ENSMUSG00000117893	+	Gm46658	99
100	Yif1a	chr19	5088538	5092881	protein_coding	ENSMUSG00000024875	+	Yif1a	100
101	Cnih2	chr19	5092868	5098521	protein_coding	ENSMUSG00000024873	-	Cnih2	101
102	Rab1b	chr19	5099205	5107072	protein_coding	ENSMUSG00000024870	-	Rab1b	102
103	Klc2	chr19	5107746	5118560	protein_coding	ENSMUSG00000024862	-	Klc2	103
104	Gm10817	chr19	5118038	5119329	lncRNA	ENSMUSG00000117710	+	Gm10817	104
105	Gm5242	chr19	5131740	5132972	processed_pseudogene	ENSMUSG00000117729	-	Gm5242	105
106	Pacs1	chr19	5133158	5273119	protein_coding	ENSMUSG00000024855	-	Pacs1	106
107	Gm50189	chr19	5258750	5258962	processed_pseudogene	ENSMUSG00000118104	+	Gm50189	107
108	Sf3b2	chr19	5273932	5295455	protein_coding	ENSMUSG00000024853	-	Sf3b2	108
109	Gal3st3	chr19	5298331	5308738	protein_coding	ENSMUSG00000047658	+	Gal3st3	109
110	Gm42064	chr19	5305875	5307416	lncRNA	ENSMUSG00000118263	-	Gm42064	110
111	Gm7074	chr19	5324014	5325823	processed_pseudogene	ENSMUSG00000117807	+	Gm7074	111
112	Catsper1	chr19	5335741	5344280	protein_coding	ENSMUSG00000038498	+	Catsper1	112
113	Cst6	chr19	5344705	5349574	protein_coding	ENSMUSG00000024846	-	Cst6	113
114	Banf1	chr19	5364638	5367168	protein_coding	ENSMUSG00000024844	-	Banf1	114
115	Eif1ad	chr19	5366741	5371526	protein_coding	ENSMUSG00000024841	+	Eif1ad	115
116	Sart1	chr19	5377523	5388703	protein_coding	ENSMUSG00000039148	-	Sart1	116
117	D330050I16Rik	chr19	5388336	5389601	lncRNA	ENSMUSG00000117959	+	D330050I16Rik	117
118	Tsga10ip	chr19	5390049	5402526	protein_coding	ENSMUSG00000039330	-	Tsga10ip	118
119	4930481A15Rik	chr19	5406740	5422847	lncRNA	ENSMUSG00000086938	+	4930481A15Rik	119
120	Drap1	chr19	5422805	5424979	protein_coding	ENSMUSG00000024914	-	Drap1	120
121	AI837181	chr19	5425144	5427313	protein_coding	ENSMUSG00000047423	+	AI837181	121
122	Gm25432	chr19	5435998	5436725	processed_pseudogene	ENSMUSG00000117771	+	Gm25432	122
123	Fosl1	chr19	5447547	5455946	protein_coding	ENSMUSG00000024912	+	Fosl1	123
124	Ccdc85b	chr19	5453180	5457894	protein_coding	ENSMUSG00000095098	-	Ccdc85b	124
125	Fibp	chr19	5460615	5465051	protein_coding	ENSMUSG00000024911	+	Fibp	125
126	Ctsw	chr19	5465043	5468507	protein_coding	ENSMUSG00000024910	-	Ctsw	126
127	Efemp2	chr19	5473954	5482517	protein_coding	ENSMUSG00000024909	+	Efemp2	127
128	Mus81	chr19	5482345	5488402	protein_coding	ENSMUSG00000024906	-	Mus81	128
129	Cfl1	chr19	5490455	5495201	protein_coding	ENSMUSG00000056201	+	Cfl1	129
130	Snx32	chr19	5492235	5510538	protein_coding	ENSMUSG00000056185	-	Snx32	130
131	1700020D05Rik	chr19	5502767	5503787	protein_coding	ENSMUSG00000100937	-	1700020D05Rik	131
132	Gm31166	chr19	5512528	5550368	transcribed_processed_pseudogene	ENSMUSG00000109695	+	Gm31166	132
133	Ovol1	chr19	5549136	5560646	protein_coding	ENSMUSG00000024922	-	Ovol1	133
134	1810058N15Rik	chr19	5560260	5561677	lncRNA	ENSMUSG00000117861	+	1810058N15Rik	134
135	Ap5b1	chr19	5568025	5571261	protein_coding	ENSMUSG00000049562	+	Ap5b1	135
136	Rnaseh2c	chr19	5601873	5607019	protein_coding	ENSMUSG00000024925	+	Rnaseh2c	136
137	Kat5	chr19	5603014	5610237	protein_coding	ENSMUSG00000024926	-	Kat5	137
138	Rela	chr19	5637483	5648130	protein_coding	ENSMUSG00000024927	+	Rela	138
139	Sipa1	chr19	5651185	5663707	protein_coding	ENSMUSG00000056917	-	Sipa1	139
140	Pcnx3	chr19	5664635	5688908	protein_coding	ENSMUSG00000054874	-	Pcnx3	140
141	Map3k11	chr19	5688742	5702865	protein_coding	ENSMUSG00000004054	+	Map3k11	141
142	Kcnk7	chr19	5704367	5707109	protein_coding	ENSMUSG00000024936	+	Kcnk7	142
143	Ehbp1l1	chr19	5707376	5726317	protein_coding	ENSMUSG00000024937	-	Ehbp1l1	143
144	Gm16538	chr19	5727206	5731627	lncRNA	ENSMUSG00000089766	+	Gm16538	144
145	Fam89b	chr19	5728087	5729653	protein_coding	ENSMUSG00000024939	-	Fam89b	145
146	Gm50387	chr19	5728088	5731713	protein_coding	ENSMUSG00000118125	-	Gm50387	146
147	Znrd2	chr19	5730303	5731732	protein_coding	ENSMUSG00000079478	-	Znrd2	147
148	Ltbp3	chr19	5740904	5758532	protein_coding	ENSMUSG00000024940	+	Ltbp3	148
149	Scyl1	chr19	5758351	5771419	protein_coding	ENSMUSG00000024941	-	Scyl1	149
150	Malat1	chr19	5795690	5802672	lncRNA	ENSMUSG00000092341	-	Malat1	150
151	Gm27694	chr19	5799000	5799085	misc_RNA	ENSMUSG00000098462	-	Gm27694	151
152	Gm37376	chr19	5801941	5802393	TEC	ENSMUSG00000102349	+	Gm37376	152
153	Neat1	chr19	5824708	5845478	lncRNA	ENSMUSG00000092274	-	Neat1	153
154	Frmd8os	chr19	5845623	5851388	lncRNA	ENSMUSG00000043488	+	Frmd8os	154
155	Frmd8	chr19	5849702	5875274	protein_coding	ENSMUSG00000024816	-	Frmd8	155
156	Slc25a45	chr19	5877808	5885878	protein_coding	ENSMUSG00000024818	+	Slc25a45	156
157	Tigd3	chr19	5891138	5894149	protein_coding	ENSMUSG00000044390	-	Tigd3	157
158	Dpf2	chr19	5896516	5913010	protein_coding	ENSMUSG00000024826	-	Dpf2	158
159	Gm42067	chr19	5912822	5914829	lncRNA	ENSMUSG00000110156	+	Gm42067	159
160	Cdc42ep2	chr19	5915636	5924816	protein_coding	ENSMUSG00000045664	-	Cdc42ep2	160
161	Pola2	chr19	5940542	5964202	protein_coding	ENSMUSG00000024833	-	Pola2	161
162	Slc22a20	chr19	5970234	5986143	protein_coding	ENSMUSG00000037451	-	Slc22a20	162
163	Capn1	chr19	5988545	6015897	protein_coding	ENSMUSG00000024942	-	Capn1	163
164	Gm10814	chr19	6012620	6018462	lncRNA	ENSMUSG00000097404	+	Gm10814	164
165	Gm19505	chr19	6027538	6027865	processed_pseudogene	ENSMUSG00000118194	-	Gm19505	165
166	Gm8034	chr19	6044691	6044822	processed_pseudogene	ENSMUSG00000094281	-	Gm8034	166
167	Syvn1	chr19	6046576	6053712	protein_coding	ENSMUSG00000024807	+	Syvn1	167
168	Mir6988	chr19	6051334	6051392	miRNA	ENSMUSG00000098928	+	Mir6988	168
169	Mrpl49	chr19	6053622	6057785	protein_coding	ENSMUSG00000007338	-	Mrpl49	169
170	Fau	chr19	6057844	6059524	protein_coding	ENSMUSG00000038274	+	Fau	170
171	Znhit2	chr19	6061192	6062472	protein_coding	ENSMUSG00000075227	+	Znhit2	171
172	Tm7sf2	chr19	6062821	6068373	protein_coding	ENSMUSG00000024799	-	Tm7sf2	172
173	Vps51	chr19	6067842	6077231	protein_coding	ENSMUSG00000024797	-	Vps51	173
174	Gm28374	chr19	6076945	6082256	protein_coding	ENSMUSG00000100621	-	Gm28374	174
175	Tmem262	chr19	6080033	6080788	protein_coding	ENSMUSG00000047733	+	Tmem262	175
176	Zfpl1	chr19	6080762	6084956	protein_coding	ENSMUSG00000024792	-	Zfpl1	176
177	Cdca5	chr19	6084983	6091777	protein_coding	ENSMUSG00000024791	+	Cdca5	177
178	Gm550	chr19	6094419	6098241	protein_coding	ENSMUSG00000117666	+	Gm550	178
179	Naaladl1	chr19	6105782	6115792	protein_coding	ENSMUSG00000054999	+	Naaladl1	179
180	Sac3d1	chr19	6116000	6118650	protein_coding	ENSMUSG00000024790	-	Sac3d1	180
181	Snx15	chr19	6119399	6128304	protein_coding	ENSMUSG00000024787	-	Snx15	181
182	Arl2	chr19	6134374	6141548	protein_coding	ENSMUSG00000024944	-	Arl2	182
183	Batf2	chr19	6140983	6172476	protein_coding	ENSMUSG00000039699	+	Batf2	183
184	Majin	chr19	6184388	6224225	protein_coding	ENSMUSG00000024786	+	Majin	184
185	Gpha2	chr19	6226380	6227768	protein_coding	ENSMUSG00000024784	+	Gpha2	185
186	Ppp2r5b	chr19	6227765	6235872	protein_coding	ENSMUSG00000024777	-	Ppp2r5b	186
187	Atg2a	chr19	6241668	6262335	protein_coding	ENSMUSG00000024773	+	Atg2a	187
188	Gm14963	chr19	6268795	6276605	lncRNA	ENSMUSG00000085196	-	Gm14963	188
189	Ehd1	chr19	6276725	6300096	protein_coding	ENSMUSG00000024772	+	Ehd1	189
190	Cdc42bpg	chr19	6306456	6325652	protein_coding	ENSMUSG00000024769	+	Cdc42bpg	190
191	Men1	chr19	6334979	6340891	protein_coding	ENSMUSG00000024947	+	Men1	191
192	Map4k2	chr19	6341135	6355615	protein_coding	ENSMUSG00000024948	+	Map4k2	192
193	Gm14966	chr19	6355522	6363759	lncRNA	ENSMUSG00000079467	-	Gm14966	193
194	Sf1	chr19	6363690	6378030	protein_coding	ENSMUSG00000024949	+	Sf1	194
195	Pygm	chr19	6384399	6398459	protein_coding	ENSMUSG00000032648	+	Pygm	195
196	Rasgrp2	chr19	6399340	6415216	protein_coding	ENSMUSG00000032946	+	Rasgrp2	196
197	Gm14965	chr19	6409400	6418606	lncRNA	ENSMUSG00000084876	-	Gm14965	197
198	Nrxn2	chr19	6418731	6544169	protein_coding	ENSMUSG00000033768	+	Nrxn2	198
199	Gm50151	chr19	6457419	6460107	TEC	ENSMUSG00000117897	-	Gm50151	199
200	Gm14964	chr19	6530711	6532011	lncRNA	ENSMUSG00000052188	-	Gm14964	200
201	Slc22a12	chr19	6535845	6543032	protein_coding	ENSMUSG00000061742	-	Slc22a12	201
202	Gm26460	chr19	6563780	6563905	miRNA	ENSMUSG00000092802	+	Gm26460	202
203	Gm50435	chr19	6569080	6575362	unprocessed_pseudogene	ENSMUSG00000118062	-	Gm50435	203
204	2410152P15Rik	chr19	6617671	6674548	lncRNA	ENSMUSG00000084825	-	2410152P15Rik	204
205	CAAA01066123.1	chr19	6829084	6829738	lncRNA	ENSMUSG00000118181	-	CAAA01066123.1	205
206	Rps6ka4	chr19	6829085	6840636	protein_coding	ENSMUSG00000024952	-	Rps6ka4	206
207	Ccdc88b	chr19	6844623	6858211	protein_coding	ENSMUSG00000047810	-	Ccdc88b	207
208	Prdx5	chr19	6906697	6910106	protein_coding	ENSMUSG00000024953	-	Prdx5	208
209	Trmt112	chr19	6909698	6911049	protein_coding	ENSMUSG00000038812	+	Trmt112	209
210	Esrra	chr19	6910977	6921813	protein_coding	ENSMUSG00000024955	-	Esrra	210
211	Catsperz	chr19	6922371	6925380	protein_coding	ENSMUSG00000050623	-	Catsperz	211
212	Kcnk4	chr19	6923966	6934515	protein_coding	ENSMUSG00000024957	-	Kcnk4	212
213	Gpr137	chr19	6938057	6942480	protein_coding	ENSMUSG00000024958	-	Gpr137	213
214	Bad	chr19	6941861	6951899	protein_coding	ENSMUSG00000024959	+	Bad	214
215	Plcb3	chr19	6952325	6976470	protein_coding	ENSMUSG00000024960	-	Plcb3	215
216	Ppp1r14b	chr19	6974968	6977324	protein_coding	ENSMUSG00000056612	+	Ppp1r14b	216
217	Fkbp2	chr19	6977741	6980501	protein_coding	ENSMUSG00000056629	-	Fkbp2	217
218	Vegfb	chr19	6982473	6987651	protein_coding	ENSMUSG00000024962	-	Vegfb	218
219	Dnajc4	chr19	6987911	6992572	protein_coding	ENSMUSG00000024963	-	Dnajc4	219
220	Nudt22	chr19	6993018	6996117	protein_coding	ENSMUSG00000037349	-	Nudt22	220
221	Trpt1	chr19	6996131	6999046	protein_coding	ENSMUSG00000047656	+	Trpt1	221
222	Fermt3	chr19	6998958	7019469	protein_coding	ENSMUSG00000024965	-	Fermt3	222
223	Stip1	chr19	7020702	7039967	protein_coding	ENSMUSG00000024966	-	Stip1	223
224	Macrod1	chr19	7056810	7198057	protein_coding	ENSMUSG00000036278	+	Macrod1	224
225	AC109619.1	chr19	7087469	7088421	lncRNA	ENSMUSG00000117901	-	AC109619.1	225
226	Flrt1	chr19	7092001	7105729	protein_coding	ENSMUSG00000047787	-	Flrt1	226
227	Otub1	chr19	7198202	7206316	protein_coding	ENSMUSG00000024767	-	Otub1	227
228	Cox8a	chr19	7215153	7217616	protein_coding	ENSMUSG00000035885	-	Cox8a	228
229	Naa40	chr19	7225668	7241183	protein_coding	ENSMUSG00000024764	-	Naa40	229
230	Rcor2	chr19	7267325	7275225	protein_coding	ENSMUSG00000024968	+	Rcor2	230
231	Mark2	chr19	7275396	7341860	protein_coding	ENSMUSG00000024969	-	Mark2	231
232	Gm17227	chr19	7297658	7304528	lncRNA	ENSMUSG00000091558	+	Gm17227	232
233	Spindoc	chr19	7354078	7382994	protein_coding	ENSMUSG00000024970	-	Spindoc	233
234	Gm50232	chr19	7364515	7370240	lncRNA	ENSMUSG00000117743	+	Gm50232	234
235	1700105P06Rik	chr19	7382537	7383561	lncRNA	ENSMUSG00000099923	+	1700105P06Rik	235
236	Rab11b-ps2	chr19	7398424	7399077	processed_pseudogene	ENSMUSG00000095690	-	Rab11b-ps2	236
237	2700081O15Rik	chr19	7417625	7425904	protein_coding	ENSMUSG00000053080	+	2700081O15Rik	237
238	Rtn3	chr19	7425901	7483281	protein_coding	ENSMUSG00000024758	-	Rtn3	238
239	Atl3	chr19	7494040	7539674	protein_coding	ENSMUSG00000024759	+	Atl3	239
240	Plaat3	chr19	7557459	7588545	protein_coding	ENSMUSG00000060675	+	Plaat3	240
241	Lgals12	chr19	7596660	7607193	protein_coding	ENSMUSG00000024972	-	Lgals12	241
242	Plaat5	chr19	7612541	7639642	protein_coding	ENSMUSG00000024973	+	Plaat5	242
243	Slc22a19	chr19	7673061	7711310	protein_coding	ENSMUSG00000024757	-	Slc22a19	243
244	Gm15967	chr19	7695899	7697014	processed_pseudogene	ENSMUSG00000083160	-	Gm15967	244
245	Slc22a26	chr19	7781041	7802667	protein_coding	ENSMUSG00000053303	-	Slc22a26	245
246	Gm7096	chr19	7827103	7848667	unprocessed_pseudogene	ENSMUSG00000118312	-	Gm7096	246
247	Slc22a27	chr19	7864388	7966027	protein_coding	ENSMUSG00000067656	-	Slc22a27	247
248	Gm24951	chr19	7959530	7959638	miRNA	ENSMUSG00000076136	-	Gm24951	248
249	Gm6386	chr19	7975840	7978039	processed_pseudogene	ENSMUSG00000118036	+	Gm6386	249
250	Slc22a28	chr19	8062209	8131982	protein_coding	ENSMUSG00000063590	-	Slc22a28	250
251	Slc22a29	chr19	8160165	8218900	protein_coding	ENSMUSG00000075044	-	Slc22a29	251
252	Gm41804	chr19	8251968	8317179	lncRNA	ENSMUSG00000118280	+	Gm41804	252
253	Gm7105	chr19	8256224	8257587	processed_pseudogene	ENSMUSG00000118345	-	Gm7105	253
254	Slc22a30	chr19	8335371	8405111	protein_coding	ENSMUSG00000052562	-	Slc22a30	254
255	Gm8189	chr19	8473313	8541798	transcribed_unprocessed_pseudogene	ENSMUSG00000110298	-	Gm8189	255
256	Gm6425	chr19	8588407	8589196	processed_pseudogene	ENSMUSG00000086174	-	Gm6425	256
257	Slc22a8	chr19	8591254	8611835	protein_coding	ENSMUSG00000063796	+	Slc22a8	257
258	Slc22a6	chr19	8618039	8628299	protein_coding	ENSMUSG00000024650	+	Slc22a6	258
259	9830166K06Rik	chr19	8651799	8663335	lncRNA	ENSMUSG00000117763	-	9830166K06Rik	259
260	Chrm1	chr19	8663789	8683587	protein_coding	ENSMUSG00000032773	+	Chrm1	260
261	Gm22820	chr19	8681835	8682163	misc_RNA	ENSMUSG00000087830	-	Gm22820	261
262	Slc3a2	chr19	8706882	8723369	protein_coding	ENSMUSG00000010095	-	Slc3a2	262
263	Snhg1	chr19	8723475	8726443	lncRNA	ENSMUSG00000108414	+	Snhg1	263
264	Gm25855	chr19	8723993	8724064	snoRNA	ENSMUSG00000064721	+	Gm25855	264
265	Gm25894	chr19	8724251	8724325	snoRNA	ENSMUSG00000065392	+	Gm25894	265
266	Gm24452	chr19	8724531	8724602	snoRNA	ENSMUSG00000065281	+	Gm24452	266
267	Gm22680	chr19	8725341	8725409	snoRNA	ENSMUSG00000065782	+	Gm22680	267
268	Gm23246	chr19	8725594	8725660	snoRNA	ENSMUSG00000065305	+	Gm23246	268
269	Snord22	chr19	8725866	8725991	snoRNA	ENSMUSG00000065087	+	Snord22	269
270	Wdr74	chr19	8735827	8740624	protein_coding	ENSMUSG00000042729	+	Wdr74	270
271	Stx5a	chr19	8741413	8756069	protein_coding	ENSMUSG00000010110	+	Stx5a	271
272	Nxf1	chr19	8757073	8770922	protein_coding	ENSMUSG00000010097	+	Nxf1	272
273	Tmem223	chr19	8770996	8772475	protein_coding	ENSMUSG00000117924	+	Tmem223	273
274	Tmem179b	chr19	8772525	8774467	protein_coding	ENSMUSG00000118346	-	Tmem179b	274
275	Taf6l	chr19	8774487	8786417	protein_coding	ENSMUSG00000003680	-	Taf6l	275
276	Gm50131	chr19	8790085	8790464	processed_pseudogene	ENSMUSG00000118305	-	Gm50131	276
277	Polr2g	chr19	8793127	8798577	protein_coding	ENSMUSG00000071662	-	Polr2g	277
278	Zbtb3	chr19	8802555	8804846	protein_coding	ENSMUSG00000071661	+	Zbtb3	278
279	Ttc9c	chr19	8809075	8819333	protein_coding	ENSMUSG00000071660	-	Ttc9c	279
280	Hnrnpul2	chr19	8820010	8834143	protein_coding	ENSMUSG00000071659	+	Hnrnpul2	280
281	Gm50139	chr19	8829773	8841137	protein_coding	ENSMUSG00000118124	+	Gm50139	281
282	Gng3	chr19	8836933	8839194	protein_coding	ENSMUSG00000071658	-	Gng3	282
283	Bscl2	chr19	8837467	8848683	protein_coding	ENSMUSG00000071657	+	Bscl2	283
284	Lrrn4cl	chr19	8850768	8853909	protein_coding	ENSMUSG00000071656	+	Lrrn4cl	284
285	Ubxn1	chr19	8871496	8875863	protein_coding	ENSMUSG00000071655	+	Ubxn1	285
286	Uqcc3	chr19	8880014	8880923	protein_coding	ENSMUSG00000071654	-	Uqcc3	286
287	Lbhd1	chr19	8883732	8892627	protein_coding	ENSMUSG00000096740	+	Lbhd1	287
288	Gm49403	chr19	8883930	8887258	protein_coding	ENSMUSG00000116166	+	Gm49403	288
289	Snora57	chr19	8888538	8888685	snoRNA	ENSMUSG00000070167	-	Snora57	289
290	Mir5136	chr19	8888699	8888774	miRNA	ENSMUSG00000093314	-	Mir5136	290
291	1810009A15Rik	chr19	8888853	8890881	protein_coding	ENSMUSG00000071653	+	1810009A15Rik	291
292	Gm49416	chr19	8888926	8895227	protein_coding	ENSMUSG00000116347	+	Gm49416	292
293	Ints5	chr19	8893005	8897888	protein_coding	ENSMUSG00000071652	+	Ints5	293
294	Ganab	chr19	8898071	8916672	protein_coding	ENSMUSG00000071650	+	Ganab	294
295	B3gat3	chr19	8920374	8927236	protein_coding	ENSMUSG00000071649	+	B3gat3	295
296	Rom1	chr19	8927391	8929356	protein_coding	ENSMUSG00000071648	-	Rom1	296
297	Eml3	chr19	8929552	8941582	protein_coding	ENSMUSG00000071647	+	Eml3	297
298	Gm10353	chr19	8936975	8940864	lncRNA	ENSMUSG00000114220	-	Gm10353	298
299	Mta2	chr19	8941875	8952303	protein_coding	ENSMUSG00000071646	+	Mta2	299
300	Tut1	chr19	8953847	8966210	protein_coding	ENSMUSG00000071645	+	Tut1	300
301	Eef1g	chr19	8967041	8978479	protein_coding	ENSMUSG00000071644	+	Eef1g	301
302	Ahnak	chr19	8989284	9076914	protein_coding	ENSMUSG00000069833	+	Ahnak	302
303	Scgb1a1	chr19	9083636	9087958	protein_coding	ENSMUSG00000024653	-	Scgb1a1	303
304	Asrgl1	chr19	9109868	9135636	protein_coding	ENSMUSG00000024654	-	Asrgl1	304
305	Gm9750	chr19	9135157	9279175	lncRNA	ENSMUSG00000024658	+	Gm9750	305
306	Gm6252	chr19	9216381	9216960	processed_pseudogene	ENSMUSG00000117804	+	Gm6252	306
307	Pcna-ps2	chr19	9283380	9284160	processed_pseudogene	ENSMUSG00000067608	+	Pcna-ps2	307
308	Gm2617	chr19	9323219	9339986	unprocessed_pseudogene	ENSMUSG00000101398	-	Gm2617	308
309	Gm29231	chr19	9605121	9614034	unprocessed_pseudogene	ENSMUSG00000096818	+	Gm29231	309
310	Gm6445	chr19	9607104	9608376	unprocessed_pseudogene	ENSMUSG00000100141	+	Gm6445	310
311	Gm50321	chr19	9828899	9836897	lncRNA	ENSMUSG00000118383	-	Gm50321	311
312	Scgb2a2	chr19	9847562	9852808	protein_coding	ENSMUSG00000096872	+	Scgb2a2	312
313	Gm50322	chr19	9864924	9868995	lncRNA	ENSMUSG00000118138	-	Gm50322	313
314	Incenp	chr19	9872296	9899551	protein_coding	ENSMUSG00000024660	-	Incenp	314
315	Gm24484	chr19	9908158	9908278	miRNA	ENSMUSG00000080659	+	Gm24484	315
316	Gm36913	chr19	9924564	9928534	lncRNA	ENSMUSG00000118008	-	Gm36913	316
317	Gm50346	chr19	9941349	9942832	TEC	ENSMUSG00000118123	-	Gm50346	317
318	Fth1	chr19	9980598	9985098	protein_coding	ENSMUSG00000024661	+	Fth1	318
319	Best1	chr19	9985174	10001633	protein_coding	ENSMUSG00000037418	-	Best1	319
320	Rab3il1	chr19	10001669	10038380	protein_coding	ENSMUSG00000024663	+	Rab3il1	320
321	Fads3	chr19	10041569	10060110	protein_coding	ENSMUSG00000024664	+	Fads3	321
322	Fads2	chr19	10062765	10101746	protein_coding	ENSMUSG00000024665	-	Fads2	322
323	Fads1	chr19	10182888	10196877	protein_coding	ENSMUSG00000010663	+	Fads1	323
324	Gm10143	chr19	10198368	10202384	lncRNA	ENSMUSG00000064032	+	Gm10143	324
325	Fen1	chr19	10199132	10204169	protein_coding	ENSMUSG00000024742	-	Fen1	325
326	Tmem258	chr19	10204014	10207824	protein_coding	ENSMUSG00000036372	+	Tmem258	326
327	Myrf	chr19	10208272	10240748	protein_coding	ENSMUSG00000036098	-	Myrf	327
328	Dagla	chr19	10245265	10304877	protein_coding	ENSMUSG00000035735	-	Dagla	328
329	Gm30042	chr19	10290926	10293421	lncRNA	ENSMUSG00000118330	+	Gm30042	329
330	Syt7	chr19	10389090	10453180	protein_coding	ENSMUSG00000024743	+	Syt7	330
331	Gm50268	chr19	10439897	10442652	TEC	ENSMUSG00000118310	+	Gm50268	331
332	Lrrc10b	chr19	10455371	10457473	protein_coding	ENSMUSG00000090291	-	Lrrc10b	332
333	Ppp1r32	chr19	10474235	10482928	protein_coding	ENSMUSG00000035179	-	Ppp1r32	333
334	Sdhaf2	chr19	10500534	10526142	protein_coding	ENSMUSG00000024668	-	Sdhaf2	334
335	Cpsf7	chr19	10525266	10547653	protein_coding	ENSMUSG00000034820	+	Cpsf7	335
336	Tmem216	chr19	10533865	10556238	protein_coding	ENSMUSG00000024667	-	Tmem216	336
337	Tmem138	chr19	10570478	10577362	protein_coding	ENSMUSG00000024666	-	Tmem138	337
338	Gm50205	chr19	10573512	10576545	TEC	ENSMUSG00000117955	+	Gm50205	338
339	Cyb561a3	chr19	10577172	10595961	protein_coding	ENSMUSG00000034445	+	Cyb561a3	339
340	Tkfc	chr19	10587791	10605654	protein_coding	ENSMUSG00000034371	-	Tkfc	340
341	Ddb1	chr19	10605327	10629819	protein_coding	ENSMUSG00000024740	+	Ddb1	341
342	Vwce	chr19	10634213	10666213	protein_coding	ENSMUSG00000043789	+	Vwce	342
343	4930524O05Rik	chr19	10645690	10648053	lncRNA	ENSMUSG00000118392	-	4930524O05Rik	343
344	Pga5	chr19	10668956	10678071	protein_coding	ENSMUSG00000024738	-	Pga5	344
345	Vps37c	chr19	10688735	10714627	protein_coding	ENSMUSG00000048832	+	Vps37c	345
346	Cd5	chr19	10717116	10739002	protein_coding	ENSMUSG00000024669	-	Cd5	346
347	A430093F15Rik	chr19	10740947	10786043	lncRNA	ENSMUSG00000067577	+	A430093F15Rik	347
348	Cd6	chr19	10789341	10830058	protein_coding	ENSMUSG00000024670	-	Cd6	348
349	Slc15a3	chr19	10839727	10859362	protein_coding	ENSMUSG00000024737	+	Slc15a3	349
350	Gm10802	chr19	10840163	10841762	lncRNA	ENSMUSG00000118027	-	Gm10802	350
351	Tmem132a	chr19	10857822	10869940	protein_coding	ENSMUSG00000024736	-	Tmem132a	351
352	Tmem109	chr19	10870660	10882001	protein_coding	ENSMUSG00000034659	-	Tmem109	352
353	Prpf19	chr19	10895231	10909559	protein_coding	ENSMUSG00000024735	+	Prpf19	353
354	Zp1	chr19	10914287	10920632	protein_coding	ENSMUSG00000024734	-	Zp1	354
355	Ptgdr2	chr19	10937160	10942511	protein_coding	ENSMUSG00000034117	+	Ptgdr2	355
356	Ccdc86	chr19	10941481	10949266	protein_coding	ENSMUSG00000024732	-	Ccdc86	356
357	Ms4a10	chr19	10962293	10974670	protein_coding	ENSMUSG00000024731	-	Ms4a10	357
358	Ms4a15	chr19	10978307	10993250	protein_coding	ENSMUSG00000067571	-	Ms4a15	358
359	Ms4a18	chr19	10997025	11018031	protein_coding	ENSMUSG00000094584	-	Ms4a18	359
360	Gm28347	chr19	11035417	11037635	lncRNA	ENSMUSG00000101264	-	Gm28347	360
361	AW112010	chr19	11047612	11055808	lncRNA	ENSMUSG00000075010	-	AW112010	361
362	Ms4a8a	chr19	11067471	11081102	protein_coding	ENSMUSG00000024730	-	Ms4a8a	362
363	Gm336	chr19	11090598	11092077	processed_pseudogene	ENSMUSG00000101439	-	Gm336	363
364	1700017D01Rik	chr19	11096816	11130876	protein_coding	ENSMUSG00000024729	-	1700017D01Rik	364
365	Gm6501	chr19	11121510	11122425	processed_pseudogene	ENSMUSG00000099998	+	Gm6501	365
366	1700025F22Rik	chr19	11139664	11165320	protein_coding	ENSMUSG00000024728	-	1700025F22Rik	366
367	Ms4a13	chr19	11169418	11196737	protein_coding	ENSMUSG00000057240	-	Ms4a13	367
368	4930526L06Rik	chr19	11196817	11299886	lncRNA	ENSMUSG00000097091	+	4930526L06Rik	368
369	Ms4a12	chr19	11214082	11232448	protein_coding	ENSMUSG00000101031	-	Ms4a12	369
370	Ms4a1	chr19	11249675	11266241	protein_coding	ENSMUSG00000024673	-	Ms4a1	370
371	Ms4a5	chr19	11273238	11283873	protein_coding	ENSMUSG00000054523	-	Ms4a5	371
372	Ms4a14	chr19	11301249	11314454	protein_coding	ENSMUSG00000099398	-	Ms4a14	372
373	Ms4a7	chr19	11321039	11336146	protein_coding	ENSMUSG00000024672	-	Ms4a7	373
374	Ms4a4a	chr19	11375523	11392790	protein_coding	ENSMUSG00000101389	+	Ms4a4a	374
375	Ms4a4c	chr19	11404770	11427246	protein_coding	ENSMUSG00000024675	+	Ms4a4c	375
376	Gm5511	chr19	11438031	11438832	processed_pseudogene	ENSMUSG00000100615	+	Gm5511	376
377	Ms4a4b	chr19	11443553	11467055	protein_coding	ENSMUSG00000056290	+	Ms4a4b	377
378	Ms4a6c	chr19	11469366	11482192	protein_coding	ENSMUSG00000079419	+	Ms4a6c	378
379	BE692007	chr19	11470166	11484578	lncRNA	ENSMUSG00000099757	-	BE692007	379
380	Gm8369	chr19	11485938	11512577	protein_coding	ENSMUSG00000058470	+	Gm8369	380
381	Ms4a6b	chr19	11516512	11531256	protein_coding	ENSMUSG00000024677	+	Ms4a6b	381
382	Ms4a4d	chr19	11536801	11558467	protein_coding	ENSMUSG00000024678	+	Ms4a4d	382
383	Gm10212	chr19	11569449	11573112	unprocessed_pseudogene	ENSMUSG00000067555	+	Gm10212	383
384	Gm38275	chr19	11582826	11584357	TEC	ENSMUSG00000104088	-	Gm38275	384
385	Ms4a6d	chr19	11586604	11604849	protein_coding	ENSMUSG00000024679	-	Ms4a6d	385
386	Ms4a2	chr19	11615523	11623719	protein_coding	ENSMUSG00000024680	-	Ms4a2	386
387	Ms4a3	chr19	11629496	11640851	protein_coding	ENSMUSG00000024681	-	Ms4a3	387
388	Oosp2	chr19	11647279	11660559	protein_coding	ENSMUSG00000055895	-	Oosp2	388
389	Oosp1	chr19	11667460	11691150	protein_coding	ENSMUSG00000041857	-	Oosp1	389
390	Oosp3	chr19	11697055	11711874	protein_coding	ENSMUSG00000055933	+	Oosp3	390
391	Gm19224	chr19	11703309	11704101	processed_pseudogene	ENSMUSG00000100918	-	Gm19224	391
392	Cblif	chr19	11747554	11763447	protein_coding	ENSMUSG00000024682	+	Cblif	392
393	Mrpl16	chr19	11770391	11774960	protein_coding	ENSMUSG00000024683	+	Mrpl16	393
394	Stx3	chr19	11775118	11819403	protein_coding	ENSMUSG00000041488	-	Stx3	394
395	Olfr1417	chr19	11826803	11839219	protein_coding	ENSMUSG00000048292	-	Olfr1417	395
396	Olfr1418	chr19	11852587	11861066	protein_coding	ENSMUSG00000060556	-	Olfr1418	396
397	Olfr1419	chr19	11868613	11875106	protein_coding	ENSMUSG00000067545	-	Olfr1419	397
398	Gm6365	chr19	11877615	11878358	processed_pseudogene	ENSMUSG00000051548	-	Gm6365	398
399	Olfr1420	chr19	11886565	11898079	protein_coding	ENSMUSG00000060878	+	Olfr1420	399
400	Patl1	chr19	11912399	11945091	protein_coding	ENSMUSG00000046139	+	Patl1	400
401	Gm22272	chr19	11933495	11933628	snoRNA	ENSMUSG00000077227	-	Gm22272	401
402	Osbp	chr19	11965941	11994112	protein_coding	ENSMUSG00000024687	+	Osbp	402
403	Gm45116	chr19	12026646	12026920	unprocessed_pseudogene	ENSMUSG00000109223	-	Gm45116	403
404	Olfr1423	chr19	12031787	12041317	protein_coding	ENSMUSG00000067529	-	Olfr1423	404
405	Olfr1424	chr19	12058624	12062682	protein_coding	ENSMUSG00000067528	-	Olfr1424	405
406	Olfr1425	chr19	12073234	12077731	protein_coding	ENSMUSG00000067526	-	Olfr1425	406
407	Olfr1426	chr19	12086746	12092013	protein_coding	ENSMUSG00000044994	-	Olfr1426	407
408	Olfr1427	chr19	12098006	12103334	protein_coding	ENSMUSG00000067525	-	Olfr1427	408
409	Olfr1428	chr19	12107716	12115897	protein_coding	ENSMUSG00000067524	-	Olfr1428	409
410	Olfr76	chr19	12117996	12123203	protein_coding	ENSMUSG00000067522	-	Olfr76	410
411	Olfr1555-ps1	chr19	12164424	12170112	protein_coding	ENSMUSG00000108889	-	Olfr1555-ps1	411
412	Olfr1430-ps1	chr19	12177607	12178523	unprocessed_pseudogene	ENSMUSG00000109410	-	Olfr1430-ps1	412
413	Olfr1431	chr19	12200634	12212191	protein_coding	ENSMUSG00000094133	+	Olfr1431	413
414	Olfr1432	chr19	12227755	12232596	protein_coding	ENSMUSG00000109022	-	Olfr1432	414
415	Gm26864	chr19	12247491	12247646	processed_pseudogene	ENSMUSG00000097646	-	Gm26864	415
416	Olfr235	chr19	12261032	12270387	protein_coding	ENSMUSG00000060049	+	Olfr235	416
417	Olfr1434	chr19	12279854	12285626	protein_coding	ENSMUSG00000095640	+	Olfr1434	417
418	Olfr1435-ps1	chr19	12290058	12290306	unprocessed_pseudogene	ENSMUSG00000109433	-	Olfr1435-ps1	418
419	Gm44858	chr19	12314874	12315027	unprocessed_pseudogene	ENSMUSG00000109229	-	Gm44858	419
420	Olfr1437	chr19	12319207	12325101	protein_coding	ENSMUSG00000096436	-	Olfr1437	420
421	Olfr1438-ps1	chr19	12329422	12335910	protein_coding	ENSMUSG00000109328	-	Olfr1438-ps1	421
422	Olfr1440	chr19	12387279	12401584	protein_coding	ENSMUSG00000046650	+	Olfr1440	422
423	Olfr1441	chr19	12417433	12423569	protein_coding	ENSMUSG00000050815	+	Olfr1441	423
424	Mpeg1	chr19	12460779	12465283	protein_coding	ENSMUSG00000046805	+	Mpeg1	424
425	Dtx4	chr19	12466338	12501454	protein_coding	ENSMUSG00000039982	-	Dtx4	425
426	A330040F15Rik	chr19	12517915	12596566	lncRNA	ENSMUSG00000086213	-	A330040F15Rik	426
427	Gm47243	chr19	12519800	12523576	lncRNA	ENSMUSG00000114644	+	Gm47243	427
428	Gm6545	chr19	12528755	12530540	processed_pseudogene	ENSMUSG00000111118	-	Gm6545	428
429	Gm47242	chr19	12539588	12540823	lncRNA	ENSMUSG00000114761	-	Gm47242	429
430	Fam111a	chr19	12545740	12589768	protein_coding	ENSMUSG00000024691	+	Fam111a	430
431	Gm4952	chr19	12599974	12628251	protein_coding	ENSMUSG00000071633	+	Gm4952	431
432	Glyat	chr19	12633308	12653911	protein_coding	ENSMUSG00000063683	+	Glyat	432
433	Olfr1442	chr19	12670439	12677277	protein_coding	ENSMUSG00000044441	+	Olfr1442	433
434	Olfr1443	chr19	12678112	12683851	protein_coding	ENSMUSG00000045030	+	Olfr1443	434
435	Keg1	chr19	12695786	12719902	protein_coding	ENSMUSG00000024694	+	Keg1	435
436	Gm15962	chr19	12706055	12721247	lncRNA	ENSMUSG00000084981	-	Gm15962	436
437	Cntf	chr19	12763660	12765632	protein_coding	ENSMUSG00000079415	-	Cntf	437
438	Zfp91	chr19	12767020	12796126	protein_coding	ENSMUSG00000024695	-	Zfp91	438
439	Lpxn	chr19	12796193	12833807	protein_coding	ENSMUSG00000024696	+	Lpxn	439
440	Olfr1444	chr19	12857283	12863440	protein_coding	ENSMUSG00000046272	+	Olfr1444	440
441	Gm5512	chr19	12905320	12906841	transcribed_unprocessed_pseudogene	ENSMUSG00000112693	+	Gm5512	441
442	Olfr1448	chr19	12916661	12924419	protein_coding	ENSMUSG00000048456	-	Olfr1448	442
443	Olfr1449	chr19	12930840	12935752	protein_coding	ENSMUSG00000049498	+	Olfr1449	443
444	Olfr1450	chr19	12950258	12956406	protein_coding	ENSMUSG00000062892	+	Olfr1450	444
445	Olfr1451	chr19	12995014	13000417	protein_coding	ENSMUSG00000046913	+	Olfr1451	445
446	Olfr1453	chr19	13027404	13028327	protein_coding	ENSMUSG00000094755	-	Olfr1453	446
447	Olfr1454	chr19	13060610	13067157	protein_coding	ENSMUSG00000094986	+	Olfr1454	447
448	Olfr1456-ps1	chr19	13078818	13079335	unprocessed_pseudogene	ENSMUSG00000067482	-	Olfr1456-ps1	448
449	Olfr1457	chr19	13093379	13097891	protein_coding	ENSMUSG00000061637	-	Olfr1457	449
450	Olfr1458	chr19	13101593	13106775	protein_coding	ENSMUSG00000062844	-	Olfr1458	450
451	Olfr1459	chr19	13138021	13149549	protein_coding	ENSMUSG00000057503	-	Olfr1459	451
452	Olfr1461	chr19	13163000	13168130	protein_coding	ENSMUSG00000045883	+	Olfr1461	452
453	Olfr1462	chr19	13185734	13193775	protein_coding	ENSMUSG00000094721	+	Olfr1462	453
454	Olfr1463	chr19	13231328	13236400	protein_coding	ENSMUSG00000096365	+	Olfr1463	454
455	Olfr1464-ps1	chr19	13282134	13283056	polymorphic_pseudogene	ENSMUSG00000109100	-	Olfr1464-ps1	455
456	Olfr1465	chr19	13312768	13315541	protein_coding	ENSMUSG00000062199	-	Olfr1465	456
457	Olfr1466	chr19	13338862	13343572	protein_coding	ENSMUSG00000096485	+	Olfr1466	457
458	Olfr1467	chr19	13362236	13368054	protein_coding	ENSMUSG00000049015	+	Olfr1467	458
459	Olfr1468-ps1	chr19	13371854	13376066	polymorphic_pseudogene	ENSMUSG00000109544	+	Olfr1468-ps1	459
460	Olfr1469	chr19	13407849	13414540	protein_coding	ENSMUSG00000063777	+	Olfr1469	460
461	Olfr1471	chr19	13443409	13451527	protein_coding	ENSMUSG00000096320	+	Olfr1471	461
462	Olfr1472	chr19	13453280	13456086	protein_coding	ENSMUSG00000095189	-	Olfr1472	462
463	Olfr1474	chr19	13469565	13472157	protein_coding	ENSMUSG00000096273	+	Olfr1474	463
464	Olfr1477	chr19	13500546	13506192	protein_coding	ENSMUSG00000071629	+	Olfr1477	464
465	Gm3188	chr19	13512555	13515138	processed_pseudogene	ENSMUSG00000118174	-	Gm3188	465
466	Olfr1480	chr19	13527913	13531275	protein_coding	ENSMUSG00000095484	+	Olfr1480	466
467	Olfr1484	chr19	13583511	13588832	protein_coding	ENSMUSG00000096289	+	Olfr1484	467
468	Olfr1487	chr19	13617375	13623072	protein_coding	ENSMUSG00000094846	+	Olfr1487	468
469	Olfr1489	chr19	13631621	13643987	protein_coding	ENSMUSG00000045678	+	Olfr1489	469
470	Olfr1490	chr19	13651091	13659545	protein_coding	ENSMUSG00000061387	+	Olfr1490	470
471	Olfr1491	chr19	13697268	13706127	protein_coding	ENSMUSG00000051156	+	Olfr1491	471
472	Olfr1494	chr19	13739728	13750479	protein_coding	ENSMUSG00000050865	+	Olfr1494	472
473	Olfr1495	chr19	13764606	13770248	protein_coding	ENSMUSG00000047207	+	Olfr1495	473
474	Olfr1497	chr19	13794324	13798202	protein_coding	ENSMUSG00000044040	-	Olfr1497	474
475	Olfr1498-ps1	chr19	13804428	13806257	unprocessed_pseudogene	ENSMUSG00000109530	-	Olfr1498-ps1	475
476	Olfr1499	chr19	13814275	13819447	protein_coding	ENSMUSG00000045395	-	Olfr1499	476
477	Olfr1500	chr19	13826882	13830488	protein_coding	ENSMUSG00000054526	-	Olfr1500	477
478	Olfr1501	chr19	13835033	13850692	protein_coding	ENSMUSG00000057270	-	Olfr1501	478
479	Olfr1504	chr19	13886920	13897928	protein_coding	ENSMUSG00000059105	-	Olfr1504	479
480	Olfr1505	chr19	13913530	13921866	protein_coding	ENSMUSG00000062314	+	Olfr1505	480
481	Tle4	chr19	14448150	14598051	protein_coding	ENSMUSG00000024642	-	Tle4	481
482	Gm37997	chr19	14658667	14658933	TEC	ENSMUSG00000103488	+	Gm37997	482
483	Psat1	chr19	15904678	15947337	protein_coding	ENSMUSG00000024640	-	Psat1	483
484	Cep78	chr19	15955773	15984989	protein_coding	ENSMUSG00000041491	-	Cep78	484
485	C130060C02Rik	chr19	15985078	16010696	lncRNA	ENSMUSG00000097557	+	C130060C02Rik	485
486	Rpl37-ps1	chr19	16025451	16025717	processed_pseudogene	ENSMUSG00000117711	+	Rpl37-ps1	486
487	Gnaq	chr19	16132831	16387463	protein_coding	ENSMUSG00000024639	+	Gnaq	487
488	E030024N20Rik	chr19	16164312	16164805	processed_pseudogene	ENSMUSG00000057990	-	E030024N20Rik	488
489	Gm10819	chr19	16267061	16267621	processed_pseudogene	ENSMUSG00000075268	-	Gm10819	489
490	Gm17068	chr19	16277797	16278776	processed_pseudogene	ENSMUSG00000078528	+	Gm17068	490
491	Mir496b	chr19	16314892	16315004	miRNA	ENSMUSG00000098718	-	Mir496b	491
492	Gm50362	chr19	16415826	16422829	lncRNA	ENSMUSG00000118033	-	Gm50362	492
493	Gna14	chr19	16435762	16610820	protein_coding	ENSMUSG00000024697	+	Gna14	493
494	Vps13a	chr19	16615366	16780933	protein_coding	ENSMUSG00000046230	-	Vps13a	494
495	Gm32256	chr19	16715799	16716261	processed_pseudogene	ENSMUSG00000114931	+	Gm32256	495
496	Gm9806	chr19	16780547	16781103	pseudogene	ENSMUSG00000046388	+	Gm9806	496
497	Gm32341	chr19	16871092	16925014	lncRNA	ENSMUSG00000118126	+	Gm32341	497
498	Prune2	chr19	16956118	17223932	protein_coding	ENSMUSG00000039126	+	Prune2	498
499	Gm50276	chr19	17238047	17240669	lncRNA	ENSMUSG00000117941	-	Gm50276	499
500	Gm50277	chr19	17244010	17256488	lncRNA	ENSMUSG00000118367	-	Gm50277	500
501	Gcnt1	chr19	17326141	17372844	protein_coding	ENSMUSG00000038843	-	Gcnt1	501
502	Rfk	chr19	17394043	17401349	protein_coding	ENSMUSG00000024712	+	Rfk	502
503	Pcsk5	chr19	17432319	17837632	protein_coding	ENSMUSG00000024713	-	Pcsk5	503
504	Gm50181	chr19	17873829	17893500	lncRNA	ENSMUSG00000118079	+	Gm50181	504
505	Eef1a1-ps1	chr19	17926623	17928009	processed_pseudogene	ENSMUSG00000117822	+	Eef1a1-ps1	505
506	Gm50182	chr19	18028111	18040803	lncRNA	ENSMUSG00000117687	+	Gm50182	506
507	Ostf1	chr19	18516137	18631823	protein_coding	ENSMUSG00000024725	-	Ostf1	507
508	Nmrk1	chr19	18631950	18652428	protein_coding	ENSMUSG00000037847	+	Nmrk1	508
509	Carnmt1	chr19	18670764	18707200	protein_coding	ENSMUSG00000024726	+	Carnmt1	509
510	D030056L22Rik	chr19	18713193	18718428	protein_coding	ENSMUSG00000047044	+	D030056L22Rik	510
511	Trpm6	chr19	18749983	18892511	protein_coding	ENSMUSG00000024727	+	Trpm6	511
512	Rorb	chr19	18930605	19111196	protein_coding	ENSMUSG00000036192	-	Rorb	512
513	Gm50212	chr19	19244035	19276348	lncRNA	ENSMUSG00000117909	-	Gm50212	513
514	Gm41815	chr19	19276471	19319651	lncRNA	ENSMUSG00000118109	+	Gm41815	514
515	Gm50216	chr19	19871432	19876563	lncRNA	ENSMUSG00000118167	-	Gm50216	515
516	Gm3728	chr19	20005989	20060758	lncRNA	ENSMUSG00000118150	-	Gm3728	516
517	Gm22684	chr19	20033504	20033635	snoRNA	ENSMUSG00000064783	-	Gm22684	517
518	Gm32629	chr19	20117385	20123828	lncRNA	ENSMUSG00000118067	-	Gm32629	518
519	1500015L24Rik	chr19	20324856	20444883	lncRNA	ENSMUSG00000094732	+	1500015L24Rik	519
520	Anxa1	chr19	20373428	20390944	protein_coding	ENSMUSG00000024659	-	Anxa1	520
521	C730002L08Rik	chr19	20410544	20552330	lncRNA	ENSMUSG00000114469	-	C730002L08Rik	521
522	Aldh1a1	chr19	20492715	20643465	protein_coding	ENSMUSG00000053279	+	Aldh1a1	522
523	Aldh1a7	chr19	20692953	20727562	protein_coding	ENSMUSG00000024747	-	Aldh1a7	523
524	Tmc1	chr19	20783458	20954202	protein_coding	ENSMUSG00000024749	-	Tmc1	524
525	Gm32750	chr19	20922392	20947009	lncRNA	ENSMUSG00000118293	+	Gm32750	525
526	4930554I06Rik	chr19	21104502	21107157	lncRNA	ENSMUSG00000118047	+	4930554I06Rik	526
527	AC106834.1	chr19	21121152	21248451	lncRNA	ENSMUSG00000118086	-	AC106834.1	527
528	Gm50236	chr19	21208477	21211973	lncRNA	ENSMUSG00000118090	+	Gm50236	528
529	Gm50243	chr19	21261976	21263212	processed_pseudogene	ENSMUSG00000118044	-	Gm50243	529
530	Zfand5	chr19	21272278	21286840	protein_coding	ENSMUSG00000024750	+	Zfand5	530
531	Gm50255	chr19	21310376	21313283	lncRNA	ENSMUSG00000118342	-	Gm50255	531
532	Gda	chr19	21391307	21473445	protein_coding	ENSMUSG00000058624	-	Gda	532
533	Gm3443	chr19	21552204	21557867	transcribed_unitary_pseudogene	ENSMUSG00000079382	+	Gm3443	533
534	1110059E24Rik	chr19	21581202	21652976	protein_coding	ENSMUSG00000035171	-	1110059E24Rik	534
535	Abhd17b	chr19	21653185	21685637	protein_coding	ENSMUSG00000047368	+	Abhd17b	535
536	Cemip2	chr19	21778342	21858360	protein_coding	ENSMUSG00000024754	+	Cemip2	536
537	Gm50130	chr19	21831451	21833756	lncRNA	ENSMUSG00000118021	-	Gm50130	537
538	Gm5514	chr19	21937380	21938381	processed_pseudogene	ENSMUSG00000045104	+	Gm5514	538
539	Gm50133	chr19	21941978	21950889	lncRNA	ENSMUSG00000118237	-	Gm50133	539
540	Gm41819	chr19	21992573	22021016	lncRNA	ENSMUSG00000118273	+	Gm41819	540
541	Gm50134	chr19	21997331	22000152	lncRNA	ENSMUSG00000118226	+	Gm50134	541
542	Trpm3	chr19	22139046	22995410	protein_coding	ENSMUSG00000052387	+	Trpm3	542
543	Gm22506	chr19	22235521	22235618	snoRNA	ENSMUSG00000088558	-	Gm22506	543
544	Gm27151	chr19	22438520	22448865	lncRNA	ENSMUSG00000098739	-	Gm27151	544
545	Nsa2-ps1	chr19	22441135	22441914	processed_pseudogene	ENSMUSG00000118353	+	Nsa2-ps1	545
546	C330002G04Rik	chr19	22978230	23075924	lncRNA	ENSMUSG00000097930	-	C330002G04Rik	546
547	Gm50136	chr19	23061454	23064032	lncRNA	ENSMUSG00000118155	+	Gm50136	547
548	2410080I02Rik	chr19	23134900	23135717	lncRNA	ENSMUSG00000044387	+	2410080I02Rik	548
549	Klf9	chr19	23141226	23168134	protein_coding	ENSMUSG00000033863	+	Klf9	549
550	Mir1192	chr19	23149431	23149551	miRNA	ENSMUSG00000080626	+	Mir1192	550
551	Smc5	chr19	23206451	23273897	protein_coding	ENSMUSG00000024943	-	Smc5	551
552	Gm41821	chr19	23282096	23300362	lncRNA	ENSMUSG00000117837	+	Gm41821	552
553	Mamdc2	chr19	23302609	23448442	protein_coding	ENSMUSG00000033207	-	Mamdc2	553
554	Gm50445	chr19	23418343	23430928	lncRNA	ENSMUSG00000118092	+	Gm50445	554
555	Gm50443	chr19	23437256	23437727	processed_pseudogene	ENSMUSG00000117850	-	Gm50443	555
556	1700028P14Rik	chr19	23558753	23652812	protein_coding	ENSMUSG00000033053	-	1700028P14Rik	556
557	Gm9493	chr19	23619749	23620319	processed_pseudogene	ENSMUSG00000044424	+	Gm9493	557
558	Gm21542	chr19	23666591	23667583	processed_pseudogene	ENSMUSG00000098010	+	Gm21542	558
559	Gm6563	chr19	23675848	23676480	processed_pseudogene	ENSMUSG00000051255	+	Gm6563	559
560	Ptar1	chr19	23687429	23731668	protein_coding	ENSMUSG00000074925	+	Ptar1	560
561	Gm50299	chr19	23745502	23748001	lncRNA	ENSMUSG00000117685	-	Gm50299	561
562	Apba1	chr19	23758887	23949596	protein_coding	ENSMUSG00000024897	+	Apba1	562
563	Gm50300	chr19	23800538	23800817	processed_pseudogene	ENSMUSG00000118287	+	Gm50300	563
564	Gm50301	chr19	23929825	23941594	lncRNA	ENSMUSG00000118340	-	Gm50301	564
565	Fam189a2	chr19	23972750	24031019	protein_coding	ENSMUSG00000071604	-	Fam189a2	565
566	1700021P04Rik	chr19	24064793	24066452	lncRNA	ENSMUSG00000096796	+	1700021P04Rik	566
567	Tjp2	chr19	24094505	24225030	protein_coding	ENSMUSG00000024812	-	Tjp2	567
568	Gm50310	chr19	24146897	24147224	transcribed_processed_pseudogene	ENSMUSG00000118277	-	Gm50310	568
569	Fxn	chr19	24261453	24280605	protein_coding	ENSMUSG00000059363	-	Fxn	569
570	Pip5k1b	chr19	24294794	24555872	protein_coding	ENSMUSG00000024867	-	Pip5k1b	570
571	Pip5k1bos	chr19	24416009	24430329	lncRNA	ENSMUSG00000085003	+	Pip5k1bos	571
572	Fam122a	chr19	24476502	24477356	protein_coding	ENSMUSG00000074922	-	Fam122a	572
573	Gm50341	chr19	24556352	24557228	lncRNA	ENSMUSG00000117979	+	Gm50341	573
574	Tmem252	chr19	24674008	24682233	protein_coding	ENSMUSG00000048572	+	Tmem252	574
575	Pgm5	chr19	24683016	24861855	protein_coding	ENSMUSG00000041731	-	Pgm5	575
576	Foxd4	chr19	24899236	24901197	protein_coding	ENSMUSG00000051490	-	Foxd4	576
577	Cbwd1	chr19	24919916	24961610	protein_coding	ENSMUSG00000024878	-	Cbwd1	577
578	Mir3084-1	chr19	24942235	24942303	miRNA	ENSMUSG00000104890	-	Mir3084-1	578
579	Gm23658	chr19	24942236	24942367	snoRNA	ENSMUSG00000095097	-	Gm23658	579
580	Dock8	chr19	24999534	25202432	protein_coding	ENSMUSG00000052085	+	Dock8	580
581	Kank1	chr19	25236975	25434496	protein_coding	ENSMUSG00000032702	+	Kank1	581
582	Gm34432	chr19	25346414	25347203	processed_pseudogene	ENSMUSG00000118238	-	Gm34432	582
583	Dmrt1	chr19	25505618	25604329	protein_coding	ENSMUSG00000024837	+	Dmrt1	583
584	Dmrt3	chr19	25610301	25623921	protein_coding	ENSMUSG00000042372	+	Dmrt3	584
585	Dmrt2	chr19	25672411	25678991	protein_coding	ENSMUSG00000048138	+	Dmrt2	585
586	Gm8825	chr19	25795810	25796807	processed_pseudogene	ENSMUSG00000098105	-	Gm8825	586
587	1700048O14Rik	chr19	26038452	26046467	lncRNA	ENSMUSG00000118016	-	1700048O14Rik	587
588	Gm50376	chr19	26246024	26249930	lncRNA	ENSMUSG00000117950	-	Gm50376	588
589	Gm25176	chr19	26260369	26260493	snRNA	ENSMUSG00000084589	-	Gm25176	589
590	Gm50377	chr19	26277846	26308707	lncRNA	ENSMUSG00000118005	-	Gm50377	590
591	Gm50378	chr19	26462344	26467779	lncRNA	ENSMUSG00000117707	-	Gm50378	591
592	Gm34808	chr19	26483557	26484450	lncRNA	ENSMUSG00000118001	-	Gm34808	592
593	Gm50379	chr19	26530752	26530929	processed_pseudogene	ENSMUSG00000117803	+	Gm50379	593
594	Gm48775	chr19	26572996	26584672	lncRNA	ENSMUSG00000114682	+	Gm48775	594
595	Smarca2	chr19	26605050	26778322	protein_coding	ENSMUSG00000024921	+	Smarca2	595
596	Gm20616	chr19	26620822	26623419	lncRNA	ENSMUSG00000093628	-	Gm20616	596
597	4931403E22Rik	chr19	26768801	26823907	lncRNA	ENSMUSG00000093772	-	4931403E22Rik	597
598	Gm815	chr19	26885881	26888647	protein_coding	ENSMUSG00000074913	+	Gm815	598
599	Gm35438	chr19	27145316	27192009	lncRNA	ENSMUSG00000118020	-	Gm35438	599
600	Vldlr	chr19	27216484	27254231	protein_coding	ENSMUSG00000024924	+	Vldlr	600
601	Kcnv2	chr19	27322588	27337179	protein_coding	ENSMUSG00000047298	+	Kcnv2	601
602	Gm35554	chr19	27344749	27373932	lncRNA	ENSMUSG00000117752	+	Gm35554	602
603	Gm50113	chr19	27366072	27366567	processed_pseudogene	ENSMUSG00000117705	+	Gm50113	603
604	Pum3	chr19	27388698	27429825	protein_coding	ENSMUSG00000041360	-	Pum3	604
605	Gm24782	chr19	27703876	27704007	snoRNA	ENSMUSG00000088266	-	Gm24782	605
606	Rfx3	chr19	27761721	28011166	protein_coding	ENSMUSG00000040929	-	Rfx3	606
607	Gm8412	chr19	27858058	27858497	processed_pseudogene	ENSMUSG00000092617	+	Gm8412	607
608	Gm20407	chr19	27994197	27995693	lncRNA	ENSMUSG00000092182	+	Gm20407	608
609	Gm35781	chr19	28146096	28146303	processed_pseudogene	ENSMUSG00000117862	-	Gm35781	609
610	Glis3	chr19	28258851	28680077	protein_coding	ENSMUSG00000052942	-	Glis3	610
611	4933413C19Rik	chr19	28580533	28583294	lncRNA	ENSMUSG00000089952	-	4933413C19Rik	611
612	D930032P07Rik	chr19	28678224	28720027	lncRNA	ENSMUSG00000097735	+	D930032P07Rik	612
613	Gm26942	chr19	28812406	28813202	processed_pseudogene	ENSMUSG00000098069	-	Gm26942	613
614	Slc1a1	chr19	28835049	28913960	protein_coding	ENSMUSG00000024935	+	Slc1a1	614
615	Gm5822	chr19	28862330	28863707	processed_pseudogene	ENSMUSG00000089993	-	Gm5822	615
616	4430402I18Rik	chr19	28893042	28967800	protein_coding	ENSMUSG00000064202	-	4430402I18Rik	616
617	Plpp6	chr19	28963953	28966811	protein_coding	ENSMUSG00000040105	+	Plpp6	617
618	Gm3621	chr19	28973039	28974077	processed_pseudogene	ENSMUSG00000118165	+	Gm3621	618
619	Cdc37l1	chr19	28990352	29026681	protein_coding	ENSMUSG00000024780	+	Cdc37l1	619
620	Gm10136	chr19	29003408	29003842	processed_pseudogene	ENSMUSG00000063754	-	Gm10136	620
621	Ak3	chr19	29020833	29047961	protein_coding	ENSMUSG00000024782	-	Ak3	621
622	1700018L02Rik	chr19	29046245	29048729	lncRNA	ENSMUSG00000100075	+	1700018L02Rik	622
623	Gm9895	chr19	29067347	29069503	lncRNA	ENSMUSG00000118038	+	Gm9895	623
624	Gm50425	chr19	29087603	29090255	processed_pseudogene	ENSMUSG00000118320	-	Gm50425	624
625	Rcl1	chr19	29101375	29143929	protein_coding	ENSMUSG00000024785	+	Rcl1	625
626	Jak2	chr19	29251828	29313080	protein_coding	ENSMUSG00000024789	+	Jak2	626
627	Insl6	chr19	29321344	29325356	protein_coding	ENSMUSG00000050957	-	Insl6	627
628	Rln1	chr19	29331170	29334670	protein_coding	ENSMUSG00000039097	-	Rln1	628
629	Plgrkt	chr19	29348599	29367390	protein_coding	ENSMUSG00000016495	-	Plgrkt	629
630	Cd274	chr19	29367455	29388095	protein_coding	ENSMUSG00000016496	+	Cd274	630
631	Gm36043	chr19	29373417	29384471	lncRNA	ENSMUSG00000117964	-	Gm36043	631
632	Pdcd1lg2	chr19	29410919	29471161	protein_coding	ENSMUSG00000016498	+	Pdcd1lg2	632
633	A930007I19Rik	chr19	29464750	29523159	lncRNA	ENSMUSG00000097855	-	A930007I19Rik	633
634	Ric1	chr19	29522282	29606829	protein_coding	ENSMUSG00000038658	+	Ric1	634
635	Ermp1	chr19	29608214	29648415	protein_coding	ENSMUSG00000046324	-	Ermp1	635
636	Mlana	chr19	29697824	29708634	protein_coding	ENSMUSG00000024806	+	Mlana	636
637	9930021J03Rik	chr19	29714402	29805989	protein_coding	ENSMUSG00000046138	-	9930021J03Rik	637
638	Gm50373	chr19	29806663	29810096	lncRNA	ENSMUSG00000118251	+	Gm50373	638
639	Ranbp6	chr19	29808400	29812974	protein_coding	ENSMUSG00000074909	-	Ranbp6	639
640	Gm50380	chr19	29874191	29875217	processed_pseudogene	ENSMUSG00000117883	-	Gm50380	640
641	Il33	chr19	29925114	29960718	protein_coding	ENSMUSG00000024810	+	Il33	641
642	Trpd52l3	chr19	30003790	30006018	protein_coding	ENSMUSG00000024815	+	Trpd52l3	642
643	Uhrf2	chr19	30030513	30093722	protein_coding	ENSMUSG00000024817	+	Uhrf2	643
644	Gldc	chr19	30098447	30175429	protein_coding	ENSMUSG00000024827	-	Gldc	644
645	Mbl2	chr19	30232942	30239687	protein_coding	ENSMUSG00000024863	+	Mbl2	645
646	Gm24108	chr19	30261441	30261517	miRNA	ENSMUSG00000093236	-	Gm24108	646
647	Ppp1r2-ps3	chr19	30538928	30539545	processed_pseudogene	ENSMUSG00000058816	-	Ppp1r2-ps3	647
648	Dkk1	chr19	30545863	30549665	protein_coding	ENSMUSG00000024868	-	Dkk1	648
649	Prkg1	chr19	30564489	31765033	protein_coding	ENSMUSG00000052920	-	Prkg1	649
650	Cstf2t	chr19	31082837	31087069	protein_coding	ENSMUSG00000053536	+	Cstf2t	650
651	A1cf	chr19	31868764	31948995	protein_coding	ENSMUSG00000052595	+	A1cf	651
652	Asah2	chr19	31982597	32108211	protein_coding	ENSMUSG00000024887	-	Asah2	652
653	Sgms1	chr19	32122727	32389714	protein_coding	ENSMUSG00000040451	-	Sgms1	653
654	Gm50210	chr19	32204182	32209273	lncRNA	ENSMUSG00000118064	-	Gm50210	654
655	2700046G09Rik	chr19	32389216	32391190	lncRNA	ENSMUSG00000097787	+	2700046G09Rik	655
656	Gm9563	chr19	32439941	32441024	processed_pseudogene	ENSMUSG00000118329	-	Gm9563	656
657	Rpl9-ps6	chr19	32465865	32466578	protein_coding	ENSMUSG00000062456	-	Rpl9-ps6	657
658	Minpp1	chr19	32485769	32515364	protein_coding	ENSMUSG00000024896	+	Minpp1	658
659	AC115752.1	chr19	32485923	32488198	TEC	ENSMUSG00000118106	+	AC115752.1	659
660	Gm36419	chr19	32543348	32563611	lncRNA	ENSMUSG00000118168	+	Gm36419	660
661	Papss2	chr19	32595790	32667187	protein_coding	ENSMUSG00000024899	+	Papss2	661
662	Atad1	chr19	32671638	32739786	protein_coding	ENSMUSG00000013662	-	Atad1	662
663	Pten	chr19	32757497	32826160	protein_coding	ENSMUSG00000013663	+	Pten	663
664	Gm36860	chr19	32974990	32980063	lncRNA	ENSMUSG00000117664	-	Gm36860	664
665	Gm29863	chr19	33070072	33102167	lncRNA	ENSMUSG00000117914	+	Gm29863	665
666	Gm29946	chr19	33122647	33134819	lncRNA	ENSMUSG00000118196	+	Gm29946	666
667	Rnls	chr19	33137747	33392295	polymorphic_pseudogene	ENSMUSG00000071573	-	Rnls	667
668	Gm7237	chr19	33409131	33420642	unprocessed_pseudogene	ENSMUSG00000087112	-	Gm7237	668
669	Lipo5	chr19	33459609	33473191	unprocessed_pseudogene	ENSMUSG00000086875	-	Lipo5	669
670	Lipo4	chr19	33498037	33517780	protein_coding	ENSMUSG00000079344	-	Lipo4	670
671	Lipo3	chr19	33555160	33761951	protein_coding	ENSMUSG00000024766	-	Lipo3	671
672	AC141640.1	chr19	33588201	33590007	unprocessed_pseudogene	ENSMUSG00000118513	-	AC141640.1	672
673	Gm8978	chr19	33612707	33625252	protein_coding	ENSMUSG00000086812	-	Gm8978	673
674	Gm18293	chr19	33673329	33673541	processed_pseudogene	ENSMUSG00000117667	-	Gm18293	674
675	Gm8980	chr19	33674073	33688481	unprocessed_pseudogene	ENSMUSG00000085924	-	Gm8980	675
676	Lipo2	chr19	33719670	33751359	protein_coding	ENSMUSG00000087303	-	Lipo2	676
677	Lipo1	chr19	33775498	33787459	protein_coding	ENSMUSG00000079342	-	Lipo1	677
678	Gm8988	chr19	33838827	33842598	unprocessed_pseudogene	ENSMUSG00000085934	-	Gm8988	678
679	Gm50120	chr19	33853164	33872207	unprocessed_pseudogene	ENSMUSG00000117821	-	Gm50120	679
680	Lipf	chr19	33961187	33976810	protein_coding	ENSMUSG00000024768	+	Lipf	680
681	Lipk	chr19	34008290	34047835	protein_coding	ENSMUSG00000024771	+	Lipk	681
682	Lipn	chr19	34067358	34084918	protein_coding	ENSMUSG00000024770	+	Lipn	682
683	Lipm	chr19	34100933	34122687	protein_coding	ENSMUSG00000056078	+	Lipm	683
684	Ankrd22	chr19	34121469	34166053	protein_coding	ENSMUSG00000024774	-	Ankrd22	684
685	Stambpl1	chr19	34192229	34240333	protein_coding	ENSMUSG00000024776	+	Stambpl1	685
686	Acta2	chr19	34241090	34255590	protein_coding	ENSMUSG00000035783	-	Acta2	686
687	Fas	chr19	34290666	34327772	protein_coding	ENSMUSG00000024778	+	Fas	687
688	Gm23060	chr19	34395647	34395755	miRNA	ENSMUSG00000076300	-	Gm23060	688
689	Ch25h	chr19	34473778	34475164	protein_coding	ENSMUSG00000050370	-	Ch25h	689
690	Gm26902	chr19	34474808	34481546	lncRNA	ENSMUSG00000097558	+	Gm26902	690
691	Lipa	chr19	34492318	34527474	protein_coding	ENSMUSG00000024781	-	Lipa	691
692	Ifit2	chr19	34550694	34576419	protein_coding	ENSMUSG00000045932	+	Ifit2	692
693	Ifit3	chr19	34583531	34588731	protein_coding	ENSMUSG00000074896	+	Ifit3	693
694	Ifit1bl1	chr19	34592891	34601956	protein_coding	ENSMUSG00000079339	-	Ifit1bl1	694
695	Ifit3b	chr19	34607970	34613401	protein_coding	ENSMUSG00000062488	+	Ifit3b	695
696	Ifit1bl2	chr19	34617049	34640743	protein_coding	ENSMUSG00000067297	-	Ifit1bl2	696
697	Ifit1	chr19	34640871	34650009	protein_coding	ENSMUSG00000034459	+	Ifit1	697
698	Slc16a12	chr19	34668403	34747289	protein_coding	ENSMUSG00000009378	-	Slc16a12	698
699	Gm50173	chr19	34773881	34774451	processed_pseudogene	ENSMUSG00000118083	+	Gm50173	699
700	Gm22082	chr19	34796178	34796338	snRNA	ENSMUSG00000088212	+	Gm22082	700
701	Pank1	chr19	34806940	34879455	protein_coding	ENSMUSG00000033610	-	Pank1	701
702	Kif20b	chr19	34922361	34975745	protein_coding	ENSMUSG00000024795	+	Kif20b	702
703	Gm5248	chr19	35051962	35052677	processed_pseudogene	ENSMUSG00000101966	-	Gm5248	703
704	Gm50137	chr19	35054465	35083440	lncRNA	ENSMUSG00000117865	+	Gm50137	704
705	Gm50140	chr19	35117283	35133451	lncRNA	ENSMUSG00000117973	+	Gm50140	705
706	Gm22853	chr19	35605674	35605804	rRNA	ENSMUSG00000092715	-	Gm22853	706
707	Gm41836	chr19	35700349	35766127	lncRNA	ENSMUSG00000118212	-	Gm41836	707
708	A830019P07Rik	chr19	35835217	35924578	lncRNA	ENSMUSG00000094707	-	A830019P07Rik	708
709	Htr7	chr19	35958734	36057507	protein_coding	ENSMUSG00000024798	-	Htr7	709
710	Rpp30	chr19	36083716	36104777	protein_coding	ENSMUSG00000024800	+	Rpp30	710
711	Ankrd1	chr19	36111961	36120099	protein_coding	ENSMUSG00000024803	-	Ankrd1	711
712	Gm32081	chr19	36182580	36221618	lncRNA	ENSMUSG00000117998	+	Gm32081	712
713	Gm32027	chr19	36215016	36264437	lncRNA	ENSMUSG00000117990	-	Gm32027	713
714	Gm50147	chr19	36251727	36256336	lncRNA	ENSMUSG00000118032	+	Gm50147	714
715	Pcgf5	chr19	36348309	36460970	protein_coding	ENSMUSG00000024805	+	Pcgf5	715
716	Gm47773	chr19	36361343	36361811	processed_pseudogene	ENSMUSG00000114285	+	Gm47773	716
717	Gm9042	chr19	36404447	36406110	processed_pseudogene	ENSMUSG00000114409	+	Gm9042	717
718	F530104D19Rik	chr19	36448992	36451157	lncRNA	ENSMUSG00000114235	-	F530104D19Rik	718
719	Hectd2	chr19	36554639	36621135	protein_coding	ENSMUSG00000041180	+	Hectd2	719
720	Hectd2os	chr19	36614052	36705641	lncRNA	ENSMUSG00000087579	-	Hectd2os	720
721	Ppp1r3c	chr19	36731731	36736653	protein_coding	ENSMUSG00000067279	-	Ppp1r3c	721
722	Tnks2	chr19	36834232	36893477	protein_coding	ENSMUSG00000024811	+	Tnks2	722
723	Fgfbp3	chr19	36917550	36919615	protein_coding	ENSMUSG00000047632	-	Fgfbp3	723
724	Btaf1	chr19	36926079	37012752	protein_coding	ENSMUSG00000040565	+	Btaf1	724
725	Cpeb3	chr19	37021291	37208601	protein_coding	ENSMUSG00000039652	-	Cpeb3	725
726	Gm22714	chr19	37149085	37149162	ribozyme	ENSMUSG00000080544	-	Gm22714	726
727	A330032B11Rik	chr19	37173843	37196541	lncRNA	ENSMUSG00000097591	+	A330032B11Rik	727
728	Gm23918	chr19	37179186	37179291	rRNA	ENSMUSG00000092994	+	Gm23918	728
729	March5	chr19	37207543	37222151	protein_coding	ENSMUSG00000023307	+	March5	729
730	Gm25268	chr19	37233382	37233484	snRNA	ENSMUSG00000089143	-	Gm25268	730
731	Ide	chr19	37268743	37337852	protein_coding	ENSMUSG00000056999	-	Ide	731
732	Rpl10-ps6	chr19	37295155	37295796	processed_pseudogene	ENSMUSG00000080885	-	Rpl10-ps6	732
733	Kif11	chr19	37376403	37421859	protein_coding	ENSMUSG00000012443	+	Kif11	733
734	Gm46649	chr19	37413442	37413847	processed_pseudogene	ENSMUSG00000118211	-	Gm46649	734
735	Gm38345	chr19	37432909	37434656	TEC	ENSMUSG00000102353	-	Gm38345	735
736	Hhex	chr19	37434810	37440731	protein_coding	ENSMUSG00000024986	+	Hhex	736
737	1700122C19Rik	chr19	37465253	37471834	lncRNA	ENSMUSG00000117800	+	1700122C19Rik	737
738	Exoc6	chr19	37520879	37684059	protein_coding	ENSMUSG00000053799	+	Exoc6	738
739	Cyp26c1	chr19	37685581	37693398	protein_coding	ENSMUSG00000062432	+	Cyp26c1	739
740	Gm9066	chr19	37722787	37723423	processed_pseudogene	ENSMUSG00000117989	-	Gm9066	740
741	Gm9067	chr19	37784266	37785584	processed_pseudogene	ENSMUSG00000117939	+	Gm9067	741
742	Gm4757	chr19	37870270	37871119	processed_pseudogene	ENSMUSG00000118115	+	Gm4757	742
743	Myof	chr19	37899036	38043577	protein_coding	ENSMUSG00000048612	-	Myof	743
744	I830134H01Rik	chr19	38051774	38054528	lncRNA	ENSMUSG00000069554	-	I830134H01Rik	744
745	Cep55	chr19	38055011	38074423	protein_coding	ENSMUSG00000024989	+	Cep55	745
746	Gm23300	chr19	38071929	38072053	snoRNA	ENSMUSG00000064646	+	Gm23300	746
747	Ffar4	chr19	38097071	38114263	protein_coding	ENSMUSG00000054200	+	Ffar4	747
748	Rbp4	chr19	38116629	38125281	protein_coding	ENSMUSG00000024990	-	Rbp4	748
749	Pde6c	chr19	38132781	38183958	protein_coding	ENSMUSG00000024992	+	Pde6c	749
750	Fra10ac1	chr19	38188481	38224156	protein_coding	ENSMUSG00000054237	-	Fra10ac1	750
751	Lgi1	chr19	38264536	38312214	protein_coding	ENSMUSG00000067242	+	Lgi1	751
752	Gm50141	chr19	38287951	38288224	processed_pseudogene	ENSMUSG00000118242	+	Gm50141	752
753	Gm42723	chr19	38300083	38315270	lncRNA	ENSMUSG00000105709	-	Gm42723	753
754	Gm50150	chr19	38342179	38342614	processed_pseudogene	ENSMUSG00000118381	-	Gm50150	754
755	Gm50155	chr19	38384566	38385514	processed_pseudogene	ENSMUSG00000117920	-	Gm50155	755
756	Slc35g1	chr19	38395980	38405610	protein_coding	ENSMUSG00000044026	+	Slc35g1	756
757	Plce1	chr19	38481109	38785030	protein_coding	ENSMUSG00000024998	+	Plce1	757
758	Gm28991	chr19	38748760	38752645	lncRNA	ENSMUSG00000101079	-	Gm28991	758
759	Noc3l	chr19	38788128	38819237	protein_coding	ENSMUSG00000024999	-	Noc3l	759
760	Tbc1d12	chr19	38836579	38919923	protein_coding	ENSMUSG00000048720	+	Tbc1d12	760
761	Hells	chr19	38930915	38971051	protein_coding	ENSMUSG00000025001	+	Hells	761
762	Cyp2c52-ps	chr19	38976647	39003289	unprocessed_pseudogene	ENSMUSG00000114610	+	Cyp2c52-ps	762
763	Cyp2c55	chr19	39007019	39042693	protein_coding	ENSMUSG00000025002	+	Cyp2c55	763
764	Cyp2c65	chr19	39061015	39093944	protein_coding	ENSMUSG00000067231	+	Cyp2c65	764
765	Cyp2c66	chr19	39113898	39187072	protein_coding	ENSMUSG00000067229	+	Cyp2c66	765
766	Cyp2c53-ps	chr19	39229254	39274985	transcribed_unprocessed_pseudogene	ENSMUSG00000093610	+	Cyp2c53-ps	766
767	Cyp2c29	chr19	39269405	39330713	protein_coding	ENSMUSG00000003053	+	Cyp2c29	767
768	Cyp2c72-ps	chr19	39347367	39360403	processed_pseudogene	ENSMUSG00000118146	+	Cyp2c72-ps	768
769	Cyp2c38	chr19	39389556	39463075	protein_coding	ENSMUSG00000032808	-	Cyp2c38	769
770	Cyp2c39	chr19	39510862	39568529	protein_coding	ENSMUSG00000025003	+	Cyp2c39	770
771	Cyp2c67	chr19	39608842	39649051	protein_coding	ENSMUSG00000062624	-	Cyp2c67	771
772	Cyp2c68	chr19	39688834	39741054	protein_coding	ENSMUSG00000074882	-	Cyp2c68	772
773	Cyp2c40	chr19	39767071	39812814	protein_coding	ENSMUSG00000025004	-	Cyp2c40	773
774	Cyp2c69	chr19	39842814	39886799	protein_coding	ENSMUSG00000092008	-	Cyp2c69	774
775	Cyp2c37	chr19	39992424	40012243	protein_coding	ENSMUSG00000042248	+	Cyp2c37	775
776	Cyp2c54	chr19	40037940	40073827	protein_coding	ENSMUSG00000067225	-	Cyp2c54	776
777	Cyp2c50	chr19	40089688	40113950	protein_coding	ENSMUSG00000054827	+	Cyp2c50	777
778	Cyp2c70	chr19	40153353	40187333	protein_coding	ENSMUSG00000060613	-	Cyp2c70	778
779	Gm5827	chr19	40191038	40194370	processed_pseudogene	ENSMUSG00000117785	+	Gm5827	779
780	Pdlim1	chr19	40221173	40271842	protein_coding	ENSMUSG00000055044	-	Pdlim1	780
781	Sorbs1	chr19	40294753	40513779	protein_coding	ENSMUSG00000025006	-	Sorbs1	781
782	A930028N01Rik	chr19	40297971	40299555	lncRNA	ENSMUSG00000114796	+	A930028N01Rik	782
783	Aldh18a1	chr19	40550257	40588463	protein_coding	ENSMUSG00000025007	-	Aldh18a1	783
784	Gm27042	chr19	40589435	40594862	lncRNA	ENSMUSG00000097792	+	Gm27042	784
785	Tctn3	chr19	40596446	40612233	protein_coding	ENSMUSG00000025008	-	Tctn3	785
786	Entpd1	chr19	40612366	40741602	protein_coding	ENSMUSG00000048120	+	Entpd1	786
787	Gm16027	chr19	40615886	40616643	processed_pseudogene	ENSMUSG00000090041	+	Gm16027	787
788	Gm50132	chr19	40644146	40654035	lncRNA	ENSMUSG00000117952	+	Gm50132	788
789	Cc2d2b	chr19	40748753	40827743	protein_coding	ENSMUSG00000108929	+	Cc2d2b	789
790	Ccnj	chr19	40831279	40848572	protein_coding	ENSMUSG00000025010	+	Ccnj	790
791	E030044B06Rik	chr19	40868304	40882639	lncRNA	ENSMUSG00000097740	+	E030044B06Rik	791
792	Mir8092	chr19	40894703	40894789	miRNA	ENSMUSG00000099118	+	Mir8092	792
793	Zfp518a	chr19	40894705	40917947	protein_coding	ENSMUSG00000049164	+	Zfp518a	793
794	Blnk	chr19	40928927	40994535	protein_coding	ENSMUSG00000061132	-	Blnk	794
795	Dntt	chr19	41029275	41059525	protein_coding	ENSMUSG00000025014	+	Dntt	795
796	Opalin	chr19	41061710	41077113	protein_coding	ENSMUSG00000050121	-	Opalin	796
797	Tll2	chr19	41082753	41206835	protein_coding	ENSMUSG00000025013	-	Tll2	797
798	Tm9sf3	chr19	41210844	41263997	protein_coding	ENSMUSG00000025016	-	Tm9sf3	798
799	Pik3ap1	chr19	41272377	41385102	protein_coding	ENSMUSG00000025017	-	Pik3ap1	799
800	Lcor	chr19	41482637	41586536	protein_coding	ENSMUSG00000025019	+	Lcor	800
801	Mir8091	chr19	41588651	41588789	miRNA	ENSMUSG00000098286	+	Mir8091	801
802	Slit1	chr19	41600257	41743665	protein_coding	ENSMUSG00000025020	-	Slit1	802
803	Gm22601	chr19	41744804	41745053	misc_RNA	ENSMUSG00000088220	+	Gm22601	803
804	Arhgap19	chr19	41766588	41802047	protein_coding	ENSMUSG00000025154	-	Arhgap19	804
805	Frat1	chr19	41829970	41832583	protein_coding	ENSMUSG00000067199	+	Frat1	805
806	Frat2	chr19	41845972	41848132	protein_coding	ENSMUSG00000047604	-	Frat2	806
807	Rrp12	chr19	41862851	41896173	protein_coding	ENSMUSG00000035049	-	Rrp12	807
808	Pgam1	chr19	41911923	41918660	protein_coding	ENSMUSG00000011752	+	Pgam1	808
809	Exosc1	chr19	41922292	41933423	protein_coding	ENSMUSG00000034321	-	Exosc1	809
810	Zdhhc16	chr19	41933480	41944104	protein_coding	ENSMUSG00000025157	+	Zdhhc16	810
811	Mms19	chr19	41941086	41981157	protein_coding	ENSMUSG00000025159	-	Mms19	811
812	Ubtd1	chr19	41981763	42034643	protein_coding	ENSMUSG00000025171	+	Ubtd1	812
813	Ankrd2	chr19	42036000	42045110	protein_coding	ENSMUSG00000025172	+	Ankrd2	813
814	Hoga1	chr19	42045610	42070953	protein_coding	ENSMUSG00000025176	+	Hoga1	814
815	Morn4	chr19	42074939	42086357	protein_coding	ENSMUSG00000049670	-	Morn4	815
816	Pi4k2a	chr19	42090470	42122087	protein_coding	ENSMUSG00000025178	+	Pi4k2a	816
817	Avpi1	chr19	42123273	42129059	protein_coding	ENSMUSG00000018821	-	Avpi1	817
818	Marveld1	chr19	42147400	42151703	protein_coding	ENSMUSG00000044345	+	Marveld1	818
819	Gm6937	chr19	42159669	42160711	processed_pseudogene	ENSMUSG00000117856	+	Gm6937	819
820	Zfyve27	chr19	42163951	42194590	protein_coding	ENSMUSG00000018820	+	Zfyve27	820
821	Sfrp5	chr19	42197971	42202252	protein_coding	ENSMUSG00000018822	-	Sfrp5	821
822	Golga7b	chr19	42247574	42270348	protein_coding	ENSMUSG00000042532	+	Golga7b	822
823	Crtac1	chr19	42268287	42431785	protein_coding	ENSMUSG00000042401	-	Crtac1	823
824	Gm26339	chr19	42274964	42275062	miRNA	ENSMUSG00000076323	+	Gm26339	824
825	Gm50184	chr19	42378991	42379101	processed_pseudogene	ENSMUSG00000117706	-	Gm50184	825
826	Gm34299	chr19	42410394	42414246	lncRNA	ENSMUSG00000117728	+	Gm34299	826
827	R3hcc1l	chr19	42518759	42592343	protein_coding	ENSMUSG00000025184	+	R3hcc1l	827
828	Gm16541	chr19	42536850	42563108	lncRNA	ENSMUSG00000090117	-	Gm16541	828
829	Loxl4	chr19	42593982	42612813	protein_coding	ENSMUSG00000025185	-	Loxl4	829
830	Pyroxd2	chr19	42725858	42752775	protein_coding	ENSMUSG00000060224	-	Pyroxd2	830
831	Gm19437	chr19	42745771	42749582	lncRNA	ENSMUSG00000118354	+	Gm19437	831
832	Hps1	chr19	42755105	42779978	protein_coding	ENSMUSG00000025188	-	Hps1	832
833	Gm16244	chr19	42779032	42781454	lncRNA	ENSMUSG00000090235	+	Gm16244	833
834	Hpse2	chr19	42786539	43388355	protein_coding	ENSMUSG00000074852	-	Hpse2	834
835	Gm34517	chr19	43266936	43277654	lncRNA	ENSMUSG00000117880	+	Gm34517	835
836	Gm6776	chr19	43280798	43281697	processed_pseudogene	ENSMUSG00000047509	+	Gm6776	836
837	Gm47936	chr19	43434610	43440460	lncRNA	ENSMUSG00000114742	-	Gm47936	837
838	Cnnm1	chr19	43440436	43497210	protein_coding	ENSMUSG00000025189	+	Cnnm1	838
839	Gm47938	chr19	43457444	43469758	lncRNA	ENSMUSG00000114721	-	Gm47938	839
840	Got1	chr19	43499752	43524605	protein_coding	ENSMUSG00000025190	-	Got1	840
841	Gm50194	chr19	43528312	43566029	lncRNA	ENSMUSG00000118221	+	Gm50194	841
842	Gm19179	chr19	43544183	43544962	processed_pseudogene	ENSMUSG00000118308	+	Gm19179	842
843	Gm34636	chr19	43546417	43573357	lncRNA	ENSMUSG00000117991	-	Gm34636	843
844	Gm20467	chr19	43609077	43610625	lncRNA	ENSMUSG00000092250	-	Gm20467	844
845	Gm34922	chr19	43645750	43652535	lncRNA	ENSMUSG00000118236	+	Gm34922	845
846	Slc25a28	chr19	43663801	43674881	protein_coding	ENSMUSG00000040414	-	Slc25a28	846
847	BC037704	chr19	43675178	43677176	lncRNA	ENSMUSG00000117698	+	BC037704	847
848	Entpd7	chr19	43689672	43733697	protein_coding	ENSMUSG00000025192	+	Entpd7	848
849	Cox15	chr19	43733254	43753000	protein_coding	ENSMUSG00000040018	-	Cox15	849
850	Cutc	chr19	43752996	43768638	protein_coding	ENSMUSG00000025193	+	Cutc	850
851	Abcc2	chr19	43782192	43840740	protein_coding	ENSMUSG00000025194	+	Abcc2	851
852	Dnmbp	chr19	43846821	43940191	protein_coding	ENSMUSG00000025195	-	Dnmbp	852
853	Gm24400	chr19	43857245	43857351	snRNA	ENSMUSG00000088490	-	Gm24400	853
854	Gm50217	chr19	43920473	43927928	lncRNA	ENSMUSG00000118000	+	Gm50217	854
855	n-R5s21	chr19	43932316	43932432	rRNA	ENSMUSG00000084641	+	n-R5s21	855
856	Cpn1	chr19	43956307	43986556	protein_coding	ENSMUSG00000025196	-	Cpn1	856
857	Cyp2c23	chr19	44005022	44029208	protein_coding	ENSMUSG00000025197	-	Cyp2c23	857
858	Erlin1	chr19	44034944	44069785	protein_coding	ENSMUSG00000025198	-	Erlin1	858
859	Chuk	chr19	44073335	44107480	protein_coding	ENSMUSG00000025199	-	Chuk	859
860	Cwf19l1	chr19	44108637	44135876	protein_coding	ENSMUSG00000025200	-	Cwf19l1	860
861	Bloc1s2	chr19	44139246	44146446	protein_coding	ENSMUSG00000057506	-	Bloc1s2	861
862	Pkd2l1	chr19	44147637	44192442	protein_coding	ENSMUSG00000037578	-	Pkd2l1	862
863	Scd3	chr19	44203269	44244016	protein_coding	ENSMUSG00000025202	+	Scd3	863
864	Gm50323	chr19	44225796	44246570	lncRNA	ENSMUSG00000117900	-	Gm50323	864
865	Gm6951	chr19	44252517	44261446	unprocessed_pseudogene	ENSMUSG00000118217	+	Gm6951	865
866	Gm35183	chr19	44272271	44278228	transcribed_processed_pseudogene	ENSMUSG00000117958	+	Gm35183	866
867	Scd2	chr19	44293674	44306864	protein_coding	ENSMUSG00000025203	+	Scd2	867
868	Mir5114	chr19	44303171	44303231	miRNA	ENSMUSG00000093315	+	Mir5114	868
869	Gm50334	chr19	44313772	44317329	lncRNA	ENSMUSG00000117957	+	Gm50334	869
870	Scd4	chr19	44333092	44346743	protein_coding	ENSMUSG00000050195	+	Scd4	870
871	Scd1	chr19	44394455	44407879	protein_coding	ENSMUSG00000037071	-	Scd1	871
872	Gm50337	chr19	44419610	44437886	lncRNA	ENSMUSG00000118076	+	Gm50337	872
873	Gm35406	chr19	44453017	44459853	lncRNA	ENSMUSG00000117796	+	Gm35406	873
874	Wnt8b	chr19	44493472	44514273	protein_coding	ENSMUSG00000036961	+	Wnt8b	874
875	Sec31b	chr19	44516957	44545864	protein_coding	ENSMUSG00000051984	-	Sec31b	875
876	Gm20538	chr19	44543722	44552831	protein_coding	ENSMUSG00000091471	-	Gm20538	876
877	Ndufb8	chr19	44548572	44555440	protein_coding	ENSMUSG00000025204	-	Ndufb8	877
878	Hif1an	chr19	44562850	44576274	protein_coding	ENSMUSG00000036450	+	Hif1an	878
879	Gm35460	chr19	44614740	44646879	lncRNA	ENSMUSG00000117911	+	Gm35460	879
880	Gm26644	chr19	44685811	44695460	lncRNA	ENSMUSG00000097683	-	Gm26644	880
881	Gm35610	chr19	44739879	44743444	lncRNA	ENSMUSG00000117823	+	Gm35610	881
882	Pax2	chr19	44756045	44837871	protein_coding	ENSMUSG00000004231	+	Pax2	882
883	Gm20395	chr19	44773762	44784512	lncRNA	ENSMUSG00000092469	-	Gm20395	883
884	1700039E22Rik	chr19	44828493	44835938	lncRNA	ENSMUSG00000092369	-	1700039E22Rik	884
885	Slf2	chr19	44931151	44983299	protein_coding	ENSMUSG00000036097	+	Slf2	885
886	4930414N06Rik	chr19	44960373	44984550	lncRNA	ENSMUSG00000118204	-	4930414N06Rik	886
887	Sema4g	chr19	44989101	45003397	protein_coding	ENSMUSG00000025207	+	Sema4g	887
888	Mrpl43	chr19	45004829	45006442	protein_coding	ENSMUSG00000025208	-	Mrpl43	888
889	Twnk	chr19	45005663	45012762	protein_coding	ENSMUSG00000025209	+	Twnk	889
890	Lzts2	chr19	45014414	45027111	protein_coding	ENSMUSG00000035342	+	Lzts2	890
891	Pdzd7	chr19	45026906	45045717	protein_coding	ENSMUSG00000074818	-	Pdzd7	891
892	Sfxn3	chr19	45047503	45056383	protein_coding	ENSMUSG00000025212	+	Sfxn3	892
893	Gm35867	chr19	45058841	45110342	lncRNA	ENSMUSG00000117848	+	Gm35867	893
894	Kazald1	chr19	45075241	45079289	protein_coding	ENSMUSG00000025213	+	Kazald1	894
895	Tlx1	chr19	45150680	45156943	protein_coding	ENSMUSG00000025215	+	Tlx1	895
896	Tlx1os	chr19	45154057	45159304	lncRNA	ENSMUSG00000092346	-	Tlx1os	896
897	Lbx1	chr19	45232684	45235812	protein_coding	ENSMUSG00000025216	-	Lbx1	897
898	Gm28578	chr19	45300455	45338435	lncRNA	ENSMUSG00000100417	-	Gm28578	898
899	Btrc	chr19	45363734	45530013	protein_coding	ENSMUSG00000025217	+	Btrc	899
900	Gm6807	chr19	45450308	45451195	processed_pseudogene	ENSMUSG00000057605	-	Gm6807	900
901	Poll	chr19	45552275	45560531	protein_coding	ENSMUSG00000025218	-	Poll	901
902	Gm17018	chr19	45560615	45579763	protein_coding	ENSMUSG00000041035	+	Gm17018	902
903	Fbxw4	chr19	45578254	45660312	protein_coding	ENSMUSG00000040913	-	Fbxw4	903
904	Fgf8	chr19	45736798	45742915	protein_coding	ENSMUSG00000025219	-	Fgf8	904
905	Npm3	chr19	45747734	45749591	protein_coding	ENSMUSG00000056209	-	Npm3	905
906	Gm15491	chr19	45749508	45752310	lncRNA	ENSMUSG00000087367	+	Gm15491	906
907	Oga	chr19	45750259	45783837	protein_coding	ENSMUSG00000025220	-	Oga	907
908	Kcnip2	chr19	45791839	45816061	protein_coding	ENSMUSG00000025221	-	Kcnip2	908
909	Armh3	chr19	45817364	45998488	protein_coding	ENSMUSG00000039901	-	Armh3	909
910	Gm50196	chr19	45843617	45848296	lncRNA	ENSMUSG00000117956	+	Gm50196	910
911	Gm6813	chr19	45877647	45878126	processed_pseudogene	ENSMUSG00000117972	-	Gm6813	911
912	4930505N22Rik	chr19	45998137	46013386	lncRNA	ENSMUSG00000097690	+	4930505N22Rik	912
913	Hps6	chr19	46003508	46006173	protein_coding	ENSMUSG00000074811	+	Hps6	913
914	Ldb1	chr19	46031570	46045214	protein_coding	ENSMUSG00000025223	-	Ldb1	914
915	Pprc1	chr19	46044886	46072915	protein_coding	ENSMUSG00000055491	+	Pprc1	915
916	Nolc1	chr19	46075863	46085530	protein_coding	ENSMUSG00000015176	+	Nolc1	916
917	Gm50306	chr19	46124930	46131471	lncRNA	ENSMUSG00000117703	+	Gm50306	917
918	Elovl3	chr19	46131897	46135694	protein_coding	ENSMUSG00000038754	+	Elovl3	918
919	Pitx3	chr19	46135685	46148326	protein_coding	ENSMUSG00000025229	-	Pitx3	919
920	Gbf1	chr19	46152509	46286510	protein_coding	ENSMUSG00000025224	+	Gbf1	920
921	Gm8974	chr19	46205380	46205858	processed_pseudogene	ENSMUSG00000093525	-	Gm8974	921
922	Gm16726	chr19	46264539	46267669	lncRNA	ENSMUSG00000086816	-	Gm16726	922
923	4833438C02Rik	chr19	46303591	46305611	lncRNA	ENSMUSG00000118087	-	4833438C02Rik	923
924	Nfkb2	chr19	46304320	46312385	protein_coding	ENSMUSG00000025225	+	Nfkb2	924
925	Psd	chr19	46312087	46327156	protein_coding	ENSMUSG00000037126	-	Psd	925
926	Fbxl15	chr19	46328184	46330446	protein_coding	ENSMUSG00000025226	+	Fbxl15	926
927	Cuedc2	chr19	46329812	46338702	protein_coding	ENSMUSG00000036748	-	Cuedc2	927
928	Mfsd13a	chr19	46341121	46375252	protein_coding	ENSMUSG00000025227	+	Mfsd13a	928
929	2310034G01Rik	chr19	46348201	46350302	protein_coding	ENSMUSG00000099655	-	2310034G01Rik	929
930	Gm24610	chr19	46359036	46359144	snoRNA	ENSMUSG00000065204	+	Gm24610	930
931	Actr1a	chr19	46376811	46395748	protein_coding	ENSMUSG00000025228	-	Actr1a	931
932	Sufu	chr19	46396896	46488804	protein_coding	ENSMUSG00000025231	+	Sufu	932
933	Trim8	chr19	46501702	46516848	protein_coding	ENSMUSG00000025034	+	Trim8	933
934	Arl3	chr19	46531096	46573198	protein_coding	ENSMUSG00000025035	-	Arl3	934
935	Sfxn2	chr19	46573365	46598066	protein_coding	ENSMUSG00000025036	+	Sfxn2	935
936	Wbp1l	chr19	46599084	46657389	protein_coding	ENSMUSG00000047731	+	Wbp1l	936
937	Gm36602	chr19	46658967	46666126	lncRNA	ENSMUSG00000118040	-	Gm36602	937
938	Cyp17a1	chr19	46667165	46673172	protein_coding	ENSMUSG00000003555	-	Cyp17a1	938
939	Borcs7	chr19	46689906	46703382	protein_coding	ENSMUSG00000062376	+	Borcs7	939
940	As3mt	chr19	46707458	46741099	protein_coding	ENSMUSG00000003559	+	As3mt	940
941	Cnnm2	chr19	46761596	46880192	protein_coding	ENSMUSG00000064105	+	Cnnm2	941
942	Gm50431	chr19	46881495	46883439	lncRNA	ENSMUSG00000117814	+	Gm50431	942
943	Nt5c2	chr19	46883317	47015153	protein_coding	ENSMUSG00000025041	-	Nt5c2	943
944	Ina	chr19	47014698	47025327	protein_coding	ENSMUSG00000034336	+	Ina	944
945	Pcgf6	chr19	47033617	47050906	protein_coding	ENSMUSG00000025050	-	Pcgf6	945
946	Taf5	chr19	47067746	47083479	protein_coding	ENSMUSG00000025049	+	Taf5	946
947	Atp5md	chr19	47083464	47090647	protein_coding	ENSMUSG00000071528	-	Atp5md	947
948	Pdcd11	chr19	47090768	47131865	protein_coding	ENSMUSG00000025047	+	Pdcd11	948
949	Calhm2	chr19	47105353	47138294	protein_coding	ENSMUSG00000033033	-	Calhm2	949
950	Calhm1	chr19	47140909	47144254	protein_coding	ENSMUSG00000079258	-	Calhm1	950
951	Calhm3	chr19	47151609	47157764	protein_coding	ENSMUSG00000094219	-	Calhm3	951
952	Gm6970	chr19	47170469	47171134	processed_pseudogene	ENSMUSG00000091230	-	Gm6970	952
953	Neurl1a	chr19	47178820	47259441	protein_coding	ENSMUSG00000006435	+	Neurl1a	953
954	Gm36693	chr19	47198241	47202032	lncRNA	ENSMUSG00000118127	-	Gm36693	954
955	Gm50339	chr19	47220713	47221909	lncRNA	ENSMUSG00000117659	-	Gm50339	955
956	AC132288.1	chr19	47252243	47254332	TEC	ENSMUSG00000118029	+	AC132288.1	956
957	Sh3pxd2a	chr19	47260174	47464401	protein_coding	ENSMUSG00000053617	-	Sh3pxd2a	957
958	Stn1	chr19	47501033	47537507	protein_coding	ENSMUSG00000042694	-	Stn1	958
959	Gm19557	chr19	47512982	47516578	lncRNA	ENSMUSG00000097990	+	Gm19557	959
960	Slk	chr19	47579678	47645246	protein_coding	ENSMUSG00000025060	+	Slk	960
961	Gm50358	chr19	47597237	47602329	lncRNA	ENSMUSG00000118206	-	Gm50358	961
962	Gm16068	chr19	47606144	47617106	lncRNA	ENSMUSG00000086121	-	Gm16068	962
963	Col17a1	chr19	47646344	47692094	protein_coding	ENSMUSG00000025064	-	Col17a1	963
964	Gm50281	chr19	47694671	47696533	lncRNA	ENSMUSG00000117702	-	Gm50281	964
965	Gm50282	chr19	47721035	47723066	lncRNA	ENSMUSG00000118149	+	Gm50282	965
966	Sfr1	chr19	47731682	47735588	protein_coding	ENSMUSG00000025066	+	Sfr1	966
967	Cfap43	chr19	47736857	47919287	protein_coding	ENSMUSG00000044948	-	Cfap43	967
968	Gsto1	chr19	47854970	47864790	protein_coding	ENSMUSG00000025068	+	Gsto1	968
969	Gsto2	chr19	47865534	47886324	protein_coding	ENSMUSG00000025069	+	Gsto2	969
970	Itprip	chr19	47894602	47919299	protein_coding	ENSMUSG00000117975	-	Itprip	970
971	Cfap58	chr19	47937675	48035387	protein_coding	ENSMUSG00000046585	+	Cfap58	971
972	Gm50430	chr19	48117348	48136082	lncRNA	ENSMUSG00000117690	+	Gm50430	972
973	Sorcs3	chr19	48206025	48805505	protein_coding	ENSMUSG00000063434	+	Sorcs3	973
974	Gm23857	chr19	48240535	48240645	rRNA	ENSMUSG00000089004	-	Gm23857	974
975	Gm50436	chr19	48811136	48813495	TEC	ENSMUSG00000117930	+	Gm50436	975
976	4930535F04Rik	chr19	48990469	48991981	TEC	ENSMUSG00000118014	-	4930535F04Rik	976
977	Gm50441	chr19	48992084	48996546	lncRNA	ENSMUSG00000117996	+	Gm50441	977
978	Gm50442	chr19	49090673	49107771	lncRNA	ENSMUSG00000118111	+	Gm50442	978
979	Gm50444	chr19	49554018	49557406	unprocessed_pseudogene	ENSMUSG00000117931	+	Gm50444	979
980	Gm6975	chr19	49709393	49710124	processed_pseudogene	ENSMUSG00000118059	-	Gm6975	980
981	Rpl13a-ps1	chr19	50030124	50030735	processed_pseudogene	ENSMUSG00000062083	-	Rpl13a-ps1	981
982	Sorcs1	chr19	50143299	50678646	protein_coding	ENSMUSG00000043531	-	Sorcs1	982
983	Gm27749	chr19	50144491	50144615	miRNA	ENSMUSG00000098916	+	Gm27749	983
984	Gm45352	chr19	50146938	50180652	lncRNA	ENSMUSG00000110007	+	Gm45352	984
985	Gm26629	chr19	50677406	50778662	lncRNA	ENSMUSG00000097446	+	Gm26629	985
986	Gm50302	chr19	50705722	50713685	lncRNA	ENSMUSG00000117758	-	Gm50302	986
987	Gm50317	chr19	51144749	51148034	TEC	ENSMUSG00000118338	+	Gm50317	987
988	Rpl31-ps18	chr19	51792226	51792602	processed_pseudogene	ENSMUSG00000097719	+	Rpl31-ps18	988
989	Gm50330	chr19	51891724	51920333	lncRNA	ENSMUSG00000117867	-	Gm50330	989
990	Gm50329	chr19	51913963	51984533	lncRNA	ENSMUSG00000118173	+	Gm50329	990
991	Gm50331	chr19	52303521	52308652	lncRNA	ENSMUSG00000118128	+	Gm50331	991
992	AA387883	chr19	52923181	52941209	lncRNA	ENSMUSG00000117896	+	AA387883	992
993	Xpnpep1	chr19	52931926	53040214	protein_coding	ENSMUSG00000025027	-	Xpnpep1	993
994	1700054A03Rik	chr19	53033648	53084516	lncRNA	ENSMUSG00000099988	+	1700054A03Rik	994
995	Gm30381	chr19	53128684	53131793	lncRNA	ENSMUSG00000118233	+	Gm30381	995
996	Gm9618	chr19	53134472	53135325	processed_pseudogene	ENSMUSG00000118003	-	Gm9618	996
997	Add3	chr19	53140443	53247399	protein_coding	ENSMUSG00000025026	+	Add3	997
998	Gm24724	chr19	53159757	53159863	snRNA	ENSMUSG00000088855	-	Gm24724	998
999	1700001K23Rik	chr19	53248736	53265405	lncRNA	ENSMUSG00000118314	-	1700001K23Rik	999
1000	Mxi1	chr19	53310518	53375810	protein_coding	ENSMUSG00000025025	+	Mxi1	1000
1001	Gm30541	chr19	53320598	53325743	lncRNA	ENSMUSG00000118369	-	Gm30541	1001
1002	Gm10197	chr19	53371566	53371766	protein_coding	ENSMUSG00000067085	-	Gm10197	1002
1003	Smndc1	chr19	53379390	53390578	protein_coding	ENSMUSG00000025024	-	Smndc1	1003
1004	8030456M14Rik	chr19	53390789	53391795	lncRNA	ENSMUSG00000117768	+	8030456M14Rik	1004
1005	Mirt1	chr19	53443230	53464796	lncRNA	ENSMUSG00000097636	-	Mirt1	1005
1006	4833407H14Rik	chr19	53460622	53462723	lncRNA	ENSMUSG00000097779	+	4833407H14Rik	1006
1007	Gm50393	chr19	53483494	53486485	TEC	ENSMUSG00000118378	+	Gm50393	1007
1008	Gm50394	chr19	53528609	53529655	lncRNA	ENSMUSG00000118210	-	Gm50394	1008
1009	Dusp5	chr19	53529109	53542431	protein_coding	ENSMUSG00000034765	+	Dusp5	1009
1010	Nutf2-ps1	chr19	53588168	53589068	protein_coding	ENSMUSG00000071497	-	Nutf2-ps1	1010
1011	Gm50402	chr19	53598542	53599411	TEC	ENSMUSG00000118159	-	Gm50402	1011
1012	Smc3	chr19	53600398	53645833	protein_coding	ENSMUSG00000024974	+	Smc3	1012
1013	Rbm20	chr19	53677306	53867080	protein_coding	ENSMUSG00000043639	+	Rbm20	1013
1014	Gm16299	chr19	53819354	53825128	lncRNA	ENSMUSG00000089679	-	Gm16299	1014
1015	Pdcd4	chr19	53892231	53929860	protein_coding	ENSMUSG00000024975	+	Pdcd4	1015
1016	Bbip1	chr19	53929861	53944627	protein_coding	ENSMUSG00000084957	-	Bbip1	1016
1017	Shoc2	chr19	53944306	54033133	protein_coding	ENSMUSG00000024976	+	Shoc2	1017
1018	Gm50273	chr19	53960355	53962769	TEC	ENSMUSG00000117704	-	Gm50273	1018
1019	4930484I04Rik	chr19	53976462	54001442	lncRNA	ENSMUSG00000117981	-	4930484I04Rik	1019
1020	Adra2a	chr19	54044151	54048982	protein_coding	ENSMUSG00000033717	+	Adra2a	1020
1021	Gm50186	chr19	54084559	54086658	lncRNA	ENSMUSG00000117921	+	Gm50186	1021
1022	Gm50187	chr19	54198391	54201454	TEC	ENSMUSG00000118324	+	Gm50187	1022
1023	Gm50191	chr19	54923805	54936724	lncRNA	ENSMUSG00000118207	-	Gm50191	1023
1024	Gpam	chr19	55067268	55127238	protein_coding	ENSMUSG00000024978	-	Gpam	1024
1025	Gm31356	chr19	55099502	55117815	lncRNA	ENSMUSG00000118099	+	Gm31356	1025
1026	Tectb	chr19	55180733	55196313	protein_coding	ENSMUSG00000024979	+	Tectb	1026
1027	Gucy2g	chr19	55198099	55241236	protein_coding	ENSMUSG00000055523	-	Gucy2g	1027
1028	Acsl5	chr19	55251938	55297720	protein_coding	ENSMUSG00000024981	+	Acsl5	1028
1029	Zdhhc6	chr19	55271291	55316032	protein_coding	ENSMUSG00000024982	-	Zdhhc6	1029
1030	Vti1a	chr19	55316295	55627309	protein_coding	ENSMUSG00000024983	+	Vti1a	1030
1031	Tcf7l2	chr19	55741820	55933654	protein_coding	ENSMUSG00000024985	+	Tcf7l2	1031
1032	Ppnr	chr19	55841672	55845897	lncRNA	ENSMUSG00000099746	+	Ppnr	1032
1033	D730002M21Rik	chr19	56035096	56040941	lncRNA	ENSMUSG00000117827	+	D730002M21Rik	1033
1034	Gm31912	chr19	56106248	56140607	lncRNA	ENSMUSG00000117695	+	Gm31912	1034
1035	Habp2	chr19	56287137	56320822	protein_coding	ENSMUSG00000025075	+	Habp2	1035
1036	Nrap	chr19	56320035	56390037	protein_coding	ENSMUSG00000049134	-	Nrap	1036
1037	Gm17197	chr19	56364262	56366241	lncRNA	ENSMUSG00000090990	+	Gm17197	1037
1038	Casp7	chr19	56397129	56442344	protein_coding	ENSMUSG00000025076	+	Casp7	1038
1039	Plekhs1	chr19	56461640	56486752	protein_coding	ENSMUSG00000035818	+	Plekhs1	1039
1040	Dclre1a	chr19	56529167	56548222	protein_coding	ENSMUSG00000025077	-	Dclre1a	1040
1041	Nhlrc2	chr19	56548261	56603503	protein_coding	ENSMUSG00000025078	+	Nhlrc2	1041
1042	Gm32441	chr19	56656511	56664611	lncRNA	ENSMUSG00000117890	-	Gm32441	1042
1043	Gm32492	chr19	56669118	56674371	lncRNA	ENSMUSG00000117859	+	Gm32492	1043
1044	Adrb1	chr19	56722199	56733113	protein_coding	ENSMUSG00000035283	+	Adrb1	1044
1045	Gm50100	chr19	56741029	56746913	lncRNA	ENSMUSG00000117696	-	Gm50100	1045
1046	Gm6990	chr19	56754999	56755346	processed_pseudogene	ENSMUSG00000067063	-	Gm6990	1046
1047	Ccdc186	chr19	56787481	56822190	protein_coding	ENSMUSG00000035173	-	Ccdc186	1047
1048	Tdrd1	chr19	56826209	56870012	protein_coding	ENSMUSG00000025081	+	Tdrd1	1048
1049	Vwa2	chr19	56874249	56912078	protein_coding	ENSMUSG00000025082	+	Vwa2	1049
1050	Afap1l2	chr19	56912361	57008228	protein_coding	ENSMUSG00000025083	-	Afap1l2	1050
1051	Ablim1	chr19	57032733	57314919	protein_coding	ENSMUSG00000025085	-	Ablim1	1051
1052	4930449E18Rik	chr19	57273960	57277052	lncRNA	ENSMUSG00000117684	+	4930449E18Rik	1052
1053	B230217O12Rik	chr19	57323193	57360775	lncRNA	ENSMUSG00000097785	-	B230217O12Rik	1053
1054	Gm50270	chr19	57323602	57331224	lncRNA	ENSMUSG00000117670	+	Gm50270	1054
1055	Fam160b1	chr19	57360680	57389586	protein_coding	ENSMUSG00000033478	+	Fam160b1	1055
1056	Gm50271	chr19	57418291	57423494	lncRNA	ENSMUSG00000117927	-	Gm50271	1056
1057	Trub1	chr19	57452912	57491005	protein_coding	ENSMUSG00000025086	+	Trub1	1057
1058	6720468P15Rik	chr19	57497390	57512784	lncRNA	ENSMUSG00000117655	+	6720468P15Rik	1058
1059	Gm32932	chr19	57522257	57533305	lncRNA	ENSMUSG00000118178	+	Gm32932	1059
1060	Gm50279	chr19	57529582	57529897	processed_pseudogene	ENSMUSG00000118248	-	Gm50279	1060
1061	Gm50285	chr19	57540466	57544223	lncRNA	ENSMUSG00000117770	-	Gm50285	1061
1062	Gm50286	chr19	57584761	57584956	processed_pseudogene	ENSMUSG00000117978	+	Gm50286	1062
1063	Atrnl1	chr19	57611034	58133343	protein_coding	ENSMUSG00000054843	+	Atrnl1	1063
1064	Mir5623	chr19	58051167	58051236	miRNA	ENSMUSG00000093757	+	Mir5623	1064
1065	Gm50287	chr19	58091814	58096031	lncRNA	ENSMUSG00000117871	-	Gm50287	1065
1066	Gm16277	chr19	58204139	58236047	lncRNA	ENSMUSG00000087002	+	Gm16277	1066
1067	Gfra1	chr19	58235604	58455909	protein_coding	ENSMUSG00000025089	-	Gfra1	1067
1068	Ccdc172	chr19	58511993	58553085	protein_coding	ENSMUSG00000025090	+	Ccdc172	1068
1069	1810007D17Rik	chr19	58606329	58629753	lncRNA	ENSMUSG00000100001	+	1810007D17Rik	1069
1070	Pnlip	chr19	58652498	58681788	protein_coding	ENSMUSG00000046008	+	Pnlip	1070
1071	1810018F18Rik	chr19	58698917	58715770	transcribed_unprocessed_pseudogene	ENSMUSG00000101088	+	1810018F18Rik	1071
1072	Pnliprp1	chr19	58728887	58744169	protein_coding	ENSMUSG00000042179	+	Pnliprp1	1072
1073	Pnliprp2	chr19	58759719	58777534	protein_coding	ENSMUSG00000025091	+	Pnliprp2	1073
1074	1700019N19Rik	chr19	58785803	58794461	protein_coding	ENSMUSG00000026931	-	1700019N19Rik	1074
1075	Gm17150	chr19	58790195	58790575	processed_pseudogene	ENSMUSG00000091410	+	Gm17150	1075
1076	Hspa12a	chr19	58795750	58943654	protein_coding	ENSMUSG00000025092	-	Hspa12a	1076
1077	Mir3086	chr19	58911673	58911759	miRNA	ENSMUSG00000092813	-	Mir3086	1077
1078	Eno4	chr19	58943425	58971421	protein_coding	ENSMUSG00000048029	+	Eno4	1078
1079	Shtn1	chr19	58973356	59076100	protein_coding	ENSMUSG00000041362	-	Shtn1	1079
1080	Gm9276	chr19	59087571	59088954	processed_pseudogene	ENSMUSG00000118377	+	Gm9276	1080
1081	Kcnk18	chr19	59219214	59237374	protein_coding	ENSMUSG00000040901	+	Kcnk18	1081
1082	Slc18a2	chr19	59260896	59296012	protein_coding	ENSMUSG00000025094	+	Slc18a2	1082
1083	Pdzd8	chr19	59297178	59345780	protein_coding	ENSMUSG00000074746	-	Pdzd8	1083
1084	Gm33756	chr19	59389784	59399207	lncRNA	ENSMUSG00000110210	+	Gm33756	1084
1085	Emx2os	chr19	59425104	59458635	lncRNA	ENSMUSG00000087095	-	Emx2os	1085
1086	Emx2	chr19	59458372	59465357	protein_coding	ENSMUSG00000043969	+	Emx2	1086
1087	2700089I24Rik	chr19	59493136	59559391	lncRNA	ENSMUSG00000100119	+	2700089I24Rik	1087
1088	Gm19956	chr19	59661323	59681206	lncRNA	ENSMUSG00000118031	+	Gm19956	1088
1089	Gm17203	chr19	59896241	59901062	lncRNA	ENSMUSG00000090965	-	Gm17203	1089
1090	Rab11fip2	chr19	59902884	59943654	protein_coding	ENSMUSG00000040022	-	Rab11fip2	1090
1091	Gm4219	chr19	59943722	59948398	lncRNA	ENSMUSG00000091378	+	Gm4219	1091
1092	Csf1r-ps	chr19	60079432	60087657	processed_pseudogene	ENSMUSG00000118291	+	Csf1r-ps	1092
1093	E330013P04Rik	chr19	60144675	60162591	lncRNA	ENSMUSG00000053117	+	E330013P04Rik	1093
1094	Fam204a	chr19	60198586	60226701	protein_coding	ENSMUSG00000057858	-	Fam204a	1094
1095	Gm28351	chr19	60241853	60243581	lncRNA	ENSMUSG00000099678	+	Gm28351	1095
1096	Prlhr	chr19	60466732	60468304	protein_coding	ENSMUSG00000045052	-	Prlhr	1096
1097	Cacul1	chr19	60524696	60581025	protein_coding	ENSMUSG00000033417	-	Cacul1	1097
1098	Gm46652	chr19	60611287	60625785	lncRNA	ENSMUSG00000117790	+	Gm46652	1098
1099	Nanos1	chr19	60755987	60759914	protein_coding	ENSMUSG00000072437	+	Nanos1	1099
1100	Eif3a	chr19	60761117	60790658	protein_coding	ENSMUSG00000024991	-	Eif3a	1100
1101	Mir3084-2	chr19	60774329	60774397	miRNA	ENSMUSG00000105118	-	Mir3084-2	1101
1102	Snora19	chr19	60774330	60774461	snoRNA	ENSMUSG00000095530	-	Snora19	1102
1103	Gm26158	chr19	60775521	60775639	snoRNA	ENSMUSG00000089598	-	Gm26158	1103
1104	Fam45a	chr19	60811585	60836227	protein_coding	ENSMUSG00000024993	+	Fam45a	1104
1105	Gm15959	chr19	60815449	60815816	processed_pseudogene	ENSMUSG00000083036	-	Gm15959	1105
1106	Sfxn4	chr19	60837277	60861479	protein_coding	ENSMUSG00000063698	-	Sfxn4	1106
1107	Prdx3	chr19	60864051	60874556	protein_coding	ENSMUSG00000024997	-	Prdx3	1107
1108	Grk5	chr19	60889749	61095968	protein_coding	ENSMUSG00000003228	+	Grk5	1108
1109	Gm9529	chr19	60966673	60967252	processed_pseudogene	ENSMUSG00000096578	-	Gm9529	1109
1110	Zfp950	chr19	61053840	61140840	protein_coding	ENSMUSG00000074733	-	Zfp950	1110
1111	Gm22365	chr19	61164365	61164481	snRNA	ENSMUSG00000070263	-	Gm22365	1111
1112	Gm5521	chr19	61167249	61168049	processed_pseudogene	ENSMUSG00000118252	+	Gm5521	1112
1113	Gm7102	chr19	61174686	61176309	protein_coding	ENSMUSG00000094649	-	Gm7102	1113
1114	Csf2ra	chr19	61223957	61228429	protein_coding	ENSMUSG00000059326	-	Csf2ra	1114
1115	Gm4242	chr19	61232424	61232926	processed_pseudogene	ENSMUSG00000117740	-	Gm4242	1115
1116	Gm18999	chr19	61255967	61258627	processed_pseudogene	ENSMUSG00000117782	+	Gm18999	1116
1117	Gm21060	chr19	61296902	61297069	protein_coding	ENSMUSG00000095993	-	Gm21060	1117
1118	Gm20762	chr19	61305038	61305280	processed_pseudogene	ENSMUSG00000118197	-	Gm20762	1118
