	Celltype
0	Ex1
1	Ex1
2	Ex1
3	Ex2
4	In1
5	Ast
6	Ex1
7	Ast
8	In1
9	Ex1
10	Oli
11	In1
12	In2
13	Ex1
14	Ex1
15	Ex1
16	Ex1
17	Ex1
18	Ex1
19	In2
20	Ex1
21	Ex1
22	Ast
23	Ex2
24	Ex1
25	In2
26	Ex1
27	Oli
28	In2
29	Ex1
30	Ex1
31	In2
32	Ex3
33	Ex1
34	Ex2
35	Ex2
36	Ex2
37	Ex2
38	In2
39	Ex1
40	Oli
41	In2
42	In1
43	Ex1
44	Oli
45	Ex2
46	In2
47	Ex1
48	Ex1
49	In1
50	Ast
51	Oli
52	In1
53	In1
54	In1
55	Ex2
56	In2
57	In1
58	In1
59	In1
60	Ex1
61	Ex1
62	Ex1
63	In2
64	Ex1
65	In1
66	Ex2
67	In1
68	Ex1
69	Ast
70	Ex1
71	In2
72	Oli
73	Ex1
74	Ex2
75	In1
76	Ex2
77	Ex2
78	In1
79	In1
80	Ex1
81	Ex1
82	Ex2
83	Ex2
84	Ex3
85	Ex1
86	In2
87	In1
88	Ex1
89	Ex1
90	In1
91	Ex1
92	Ex1
93	Ex1
94	Ex1
95	Ex1
96	Ex1
97	In1
98	Ex1
99	In1
100	In1
101	Ex1
102	In1
103	In1
104	Oli
105	In1
106	In1
107	Ex1
108	Ex2
109	Ex1
110	Ex1
111	Ast
112	Ex1
113	In2
114	Ex1
115	Ex1
116	Ex2
117	Ex1
118	In2
119	Ex1
120	Ex1
121	Ast
122	Ex1
123	Ex2
124	Ast
125	Ast
126	Ex1
127	Ex1
128	Ast
129	Ex2
130	Ex1
131	Ex1
132	Ast
133	In2
134	Ex1
135	Ex2
136	Ex1
137	Ex1
138	Ex1
139	Ex1
140	Ex1
141	Ex1
142	Ex1
143	Ex3
144	Ex1
145	Ex1
146	Oli
147	In2
148	Ex1
149	Ex1
150	Ex1
151	In1
152	Ex1
153	Ex2
154	Ex3
155	Ex1
156	Ex1
157	In2
158	Ex1
159	Ex1
160	Ex1
161	In1
162	Oli
163	Ex2
164	Ex1
165	In2
166	In1
167	Ex1
168	Ex1
169	Ex1
170	Ex2
171	Ex1
172	Ex1
173	Ex1
174	Ex1
175	Ex1
176	Ex1
177	Ex1
178	Ex3
179	Ex1
180	Oli
181	In1
182	Ex1
183	Oli
184	In2
185	Oli
186	Ast
187	In2
188	In1
189	Ex1
190	Ast
191	Ex3
192	Ex1
193	Ex1
194	In2
195	Ast
196	Ex1
197	Ex1
198	Ex1
199	Ex1
200	Ex1
201	Ex1
202	Ex1
203	Ex3
204	Ex1
205	Ex1
206	In2
207	Ex2
208	Ex1
209	Ex1
210	In2
211	In2
212	In1
213	In2
214	Oli
215	In2
216	Ex1
217	Ex1
218	In2
219	Ex1
220	Ex1
221	Ex1
222	Ex1
223	Oli
224	Ex1
225	In1
226	In2
227	Ex1
228	Ex1
229	In2
230	Ex1
231	In2
232	Ex2
233	Ex1
234	Ex1
235	Ex3
236	Ex1
237	Ex1
238	Oli
239	Ex1
240	Ex1
241	Ex1
242	Ex1
243	Ex2
244	Ex1
245	Ex1
246	Ex1
247	Ex1
248	Ex1
249	Ex1
250	In1
251	In2
252	Ex1
253	Ex2
254	Ex1
255	In1
256	In2
257	Ex2
258	In2
259	Ex1
260	Ex2
261	Ex1
262	Oli
263	Ex1
264	In1
265	Oli
266	Ex1
267	Ast
268	Ex1
269	Ex1
270	Ex1
271	Ex1
272	In1
273	In1
274	Ex1
275	Ast
276	In1
277	Ex1
278	Ex1
279	Ex1
280	Ex1
281	Ast
282	Ex3
283	Ex1
284	In2
285	Ex2
286	Ex1
287	Ex1
288	Ex1
289	Ex1
290	Ex1
291	In2
292	Ex2
293	Ex1
294	Ex1
295	Ast
296	In1
297	Ex1
298	In2
299	Ex1
300	In2
301	Ex1
302	Ex3
303	In2
304	Ex1
305	Ex1
306	Ex1
307	Ex1
308	Ex2
309	Ex1
310	In2
311	In1
312	Ex1
313	Ex3
314	In1
315	Ex2
316	In1
317	Ex1
318	In2
319	Ex1
320	Ex1
321	In1
322	In2
323	In1
324	Ex2
325	Ex1
326	In1
327	In1
328	Oli
329	Ex2
330	Ex1
331	Ex2
332	In1
333	In2
334	Ex1
335	Ex1
336	Ex2
337	In2
338	Ex2
339	Oli
340	Ex1
341	Ex1
342	Ex1
343	Ex1
344	Ex1
345	Ex1
346	Ex2
347	Ex1
348	In1
349	Ex1
350	Ex1
351	Ex1
352	In1
353	Ex1
354	Ex1
355	Ex1
356	Ex1
357	In2
358	In1
359	Ex1
360	Ex2
361	Ex1
362	Ex1
363	Ex1
364	Ex2
365	Ast
366	Ex2
367	Ex1
368	Ex1
369	Ex1
370	Ex3
371	Ex1
372	Ex1
373	Ast
374	Ex1
375	Ex1
376	Ex1
377	Ex1
378	In2
379	Ex1
380	Ex1
381	Ex2
382	Ex1
383	In2
384	Ex1
385	Ex2
386	Ex3
387	Ex1
388	Ex1
389	Ex1
390	In2
391	Ex1
392	Ex1
393	Ex1
394	Ex1
395	In1
396	Oli
397	In1
398	Ex1
