	Cellname
0	ValaB8w3001
1	ValaB8w3002
2	ValaB8w3003
3	ValaB8w3004
4	ValaB8w3005
5	ValaB8w3006
6	ValaB8w3007
7	ValaB8w3008
8	ValaB8w3009
9	ValaB8w3010
10	ValaB8w3011
11	ValaB8w3012
12	ValaB8w3013
13	ValaB8w3014
14	ValaB8w3016
15	ValaB8w3017
16	ValaB8w3018
17	ValaB8w3019
18	ValaB8w3020
19	ValaB8w3021
20	ValaB8w3022
21	ValaB8w3023
22	ValaB8w3024
23	ValaB8w3025
24	ValaB8w3026
25	ValaB8w3027
26	ValaB8w3028
27	ValaB8w3029
28	ValaB8w3030
29	ValaB8w3031
30	ValaB8w3032
31	ValaB8w3033
32	ValaB8w3034
33	ValaB8w3035
34	ValaB8w3036
35	ValaB8w3038
36	ValaB8w3039
37	ValaB8w3040
38	ValaB8w3041
39	ValaB8w3042
40	ValaB8w3043
41	ValaB8w3044
42	ValaB8w3045
43	ValaB8w3046
44	ValaB8w3047
45	ValaB8w3048
46	ValaB8w4001
47	ValaB8w4002
48	ValaB8w4003
49	ValaB8w4004
50	ValaB8w4005
51	ValaB8w4007
52	ValaB8w4008
53	ValaB8w4009
54	ValaB8w4010
55	ValaB8w4011
56	ValaB8w4012
57	ValaB8w4013
58	ValaB8w4014
59	ValaB8w4015
60	ValaB8w4016
61	ValaB8w4017
62	ValaB8w4018
63	ValaB8w4019
64	ValaB8w4020
65	ValaB8w4021
66	ValaB8w4022
67	ValaB8w4023
68	ValaB8w4024
69	ValaB8w4025
70	ValaB8w4026
71	ValaB8w4027
72	ValaB8w4028
73	ValaB8w4029
74	ValaB8w4030
75	ValaB8w4031
76	ValaB8w4032
77	ValaB8w4033
78	ValaB8w4034
79	ValaB8w4035
80	ValaB8w4036
81	ValaB8w4039
82	ValaB8w4040
83	ValaB8w4041
84	ValaB8w4042
85	ValaB8w4043
86	ValaB8w4044
87	ValaB8w4045
88	ValaB8w4046
89	ValaB8w4047
90	ValaB8w4048
91	ValaB8w4049
92	ValaB8w4050
93	ValaB8w4051
94	ValaB8w4052
95	ValaB8w4053
96	ValaB8w4054
97	ValaB8w4055
98	ValaB8w4056
99	ValaB8w4057
100	ValaB8w4058
101	ValaB8w4059
102	ValaB8w4060
103	ValaB8w4061
104	ValaB8w4062
105	ValaB8w4063
106	ValaB8w4064
107	ValaB8w4065
108	ValaB8w4066
109	ValaB8w4067
110	ValaB8w4068
111	ValaB8w4069
112	ValaB8w4070
113	ValaB8w4071
114	ValaB8w4072
115	ValaB8w4073
116	ValaB8w4074
117	ValaB8w4076
118	ValaB8w4077
119	ValaB8w4078
120	ValaB8w4079
121	ValaB8w4080
122	ValaB8w4081
123	ValaB8w4082
124	ValaB8w4083
125	ValaB8w4084
126	ValaB8w4085
127	ValaB8w4086
128	ValaB8w4087
129	ValaB8w4088
130	ValaB8w4089
131	ValaB8w4090
132	ValaB8w4091
133	ValaB8w4092
134	ValaB8w4093
135	ValaB8w4094
136	ValaB8w4095
137	ValaB8w4096
138	ValaB8w4097
139	ValaB8w4098
140	ValaB8w4099
141	ValaB8w4100
142	ValaB8w4101
143	ValaB8w4102
144	ValaB8w4103
145	ValaB8w4104
146	ValaB8w4105
147	ValaB8w4106
148	ValaB8w4107
149	ValaB8w4108
150	ValaB8w4109
151	ValaB8w4110
152	ValaB8w4111
153	ValaB8w4112
154	ValaB8w4113
155	ValaB8w4114
156	ValaB8w4115
157	ValaB8w4116
158	ValaB8w4117
159	ValaB8w4118
160	ValaB8w4120
161	ValaB8w4121
162	ValaB8w4122
163	ValaB8w4123
164	ValaB8w4124
165	ValaB8w4125
166	ValaB8w4126
167	ValaB8w4127
168	ValaB8w4128
169	ValaB8w4129
170	ValaB8w4130
171	ValaB8w4131
172	ValaB8w4132
173	ValaB8w4133
174	ValaB8w4134
175	ValaB8w4135
176	ValaB8w4136
177	ValaB8w4137
178	ValaB8w4138
179	ValaB8w4139
180	ValaB8w4140
181	ValaB8w4141
182	ValaB8w4142
183	ValaB8w4143
184	ValaB8w4144
185	ValaB8w4145
186	ValaB8w4146
187	ValaB8w4147
188	ValaB8w4148
189	ValaB8w4149
190	ValaB8w4150
191	ValaB8w4151
192	ValaB8w4152
193	ValaB8w4153
194	ValaB8w4154
195	ValaB8w4155
196	ValaB8w4156
197	ValaB8w4157
198	ValaB8w4158
199	ValaB8w4159
200	ValaB8w4160
201	ValaB8w4161
202	ValaB8w4162
203	ValaB8w4163
204	ValaB8w4164
205	ValaB8w4165
206	ValaB8w4166
207	ValaB8w4167
208	ValaB8w4168
209	ValaB8w4169
210	ValaB8w4170
211	ValaB8w4171
212	ValaB8w4172
213	ValaB8w4173
214	ValaB8w4174
215	ValaB8w4175
216	ValaB8w4176
217	ValaB8w4177
218	ValaB8w4178
219	ValaB8w4179
220	ValaB8w4180
221	ValaB8w4181
222	ValaB8w4182
223	ValaB8w4183
224	ValaB8w4184
225	ValaB8w4186
226	ValaB8w4187
227	ValaB8w4188
228	ValaB8w4189
229	ValaB8w4190
230	ValaB8w4191
231	ValaB8w4192
232	ValbB8w1001
233	ValbB8w1002
234	ValbB8w1003
235	ValbB8w1004
236	ValbB8w1005
237	ValbB8w1006
238	ValbB8w1007
239	ValbB8w1008
240	ValbB8w1009
241	ValbB8w1010
242	ValbB8w1011
243	ValbB8w1012
244	ValbB8w1013
245	ValbB8w1014
246	ValbB8w1015
247	ValbB8w1016
248	ValbB8w1017
249	ValbB8w1018
250	ValbB8w1019
251	ValbB8w1021
252	ValbB8w1022
253	ValbB8w1023
254	ValbB8w1024
255	ValbB8w1025
256	ValbB8w1026
257	ValbB8w1027
258	ValbB8w1028
259	ValbB8w1029
260	ValbB8w1030
261	ValbB8w1032
262	ValbB8w1033
263	ValbB8w1034
264	ValbB8w1035
265	ValbB8w1036
266	ValbB8w1037
267	ValbB8w1038
268	ValbB8w1039
269	ValbB8w1040
270	ValbB8w1041
271	ValbB8w1042
272	ValbB8w1043
273	ValbB8w1044
274	ValbB8w1045
275	ValbB8w1046
276	ValbB8w1047
277	ValbB8w1048
278	ValbB8w1049
279	ValbB8w1050
280	ValbB8w1051
281	ValbB8w1052
282	ValbB8w1053
283	ValbB8w1054
284	ValbB8w1055
285	ValbB8w1056
286	ValbB8w1057
287	ValbB8w1058
288	ValbB8w1061
289	ValbB8w1062
290	ValbB8w1063
291	ValbB8w1064
292	ValbB8w1065
293	ValbB8w1066
294	ValbB8w1067
295	ValbB8w1068
296	ValbB8w1069
297	ValbB8w1070
298	ValbB8w1071
299	ValbB8w1072
300	ValbB8w1074
301	ValbB8w1075
302	ValbB8w1076
303	ValbB8w1077
304	ValbB8w1078
305	ValbB8w1079
306	ValbB8w1080
307	ValbB8w1081
308	ValbB8w1082
309	ValbB8w1083
310	ValbB8w1084
311	ValbB8w1085
312	ValbB8w1086
313	ValbB8w1087
314	ValbB8w1088
315	ValbB8w1089
316	ValbB8w1090
317	ValbB8w1091
318	ValbB8w1092
319	ValbB8w1093
320	ValbB8w1094
321	ValbB8w1095
322	ValbB8w1096
323	ValbB8w1097
324	ValbB8w1098
325	ValbB8w1099
326	ValbB8w1100
327	ValbB8w1101
328	ValbB8w1102
329	ValbB8w1103
330	ValbB8w1104
331	ValbB8w1105
332	ValbB8w1106
333	ValbB8w1107
334	ValbB8w1108
335	ValbB8w1109
336	ValbB8w1110
337	ValbB8w1111
338	ValbB8w1112
339	ValbB8w1114
340	ValbB8w1115
341	ValbB8w1116
342	ValbB8w1117
343	ValbB8w1118
344	ValbB8w1119
345	ValbB8w1120
346	ValbB8w1121
347	ValbB8w1122
348	ValbB8w1123
349	ValbB8w1124
350	ValbB8w1125
351	ValbB8w1126
352	ValbB8w1127
353	ValbB8w1128
354	ValbB8w1129
355	ValbB8w1130
356	ValbB8w1131
357	ValbB8w1132
358	ValbB8w1133
359	ValbB8w1134
360	ValbB8w1135
361	ValbB8w1136
362	ValbB8w1138
363	ValbB8w1139
364	ValbB8w1140
365	ValbB8w1141
366	ValbB8w1142
367	ValbB8w1143
368	ValbB8w1144
369	ValbB8w1146
370	ValbB8w1147
371	ValbB8w1150
372	ValbB8w1152
373	ValbB8w1154
374	ValbB8w1155
375	ValbB8w1157
376	ValbB8w1158
377	ValbB8w1159
378	ValbB8w1160
379	ValbB8w1165
380	ValbB8w1167
381	ValbB8w1168
382	ValbB8w1173
383	ValbB8w1174
384	ValbB8w1176
385	ValbB8w1177
386	ValbB8w1179
387	ValbB8w1180
388	ValbB8w1181
389	ValbB8w1183
390	ValbB8w1184
391	ValbB8w1185
392	ValbB8w1186
393	ValbB8w1187
394	ValbB8w1188
395	ValbB8w1189
396	ValbB8w1190
397	ValbB8w1191
398	ValbB8w1192
